20;Rue ADMYRAULT;17000;LA ROCHELLE
9;Rue ADOLPHE PRIVE;17000;LA ROCHELLE
22;Rue ALBERT 1ER;17000;LA ROCHELLE
20;Rue ALBERT 1ER;17000;LA ROCHELLE
29;Rue ALBERT 1ER;17000;LA ROCHELLE
4;Rue ALCIDE D'ORBIGNY;17000;LA ROCHELLE
22;Rue ALCIDE D'ORBIGNY;17000;LA ROCHELLE
51;Rue ALCIDE D'ORBIGNY;17000;LA ROCHELLE
51;Rue ALCIDE D'ORBIGNY;17000;LA ROCHELLE
17;Rue ALCIDE D'ORBIGNY;17000;LA ROCHELLE
17;Rue ALCIDE D'ORBIGNY;17000;LA ROCHELLE
3;Rue ALEXANDRE BRONGNIART;17000;LA ROCHELLE
9;Rue ALEXANDRE BRONGNIART;17000;LA ROCHELLE
7;Rue ALEXANDRE BRONGNIART;17000;LA ROCHELLE
4;Rue ALEXANDRE DUMAS;17000;LA ROCHELLE
4;Rue ALEXANDRE DUMAS;17000;LA ROCHELLE
6;Rue ALEXANDRE RIBOT;17000;LA ROCHELLE
58;Rue ALPHONSE DE SAINTONGE;17000;LA ROCHELLE
54;Rue ALPHONSE DE SAINTONGE;17000;LA ROCHELLE
9;Rue ALFRED DE MUSSET;17000;LA ROCHELLE
66;Rue ALFRED KASTLER;17000;LA ROCHELLE
25;Rue ALFRED KASTLER;17000;LA ROCHELLE
62;Rue ALFRED KASTLER;17000;LA ROCHELLE
1;Rue ALFRED SISLEY;17000;LA ROCHELLE
11;Rue D'ALGER;17000;LA ROCHELLE
3;Rue D'ALGER;17000;LA ROCHELLE
8 BIS;Rue ALIENOR D'AQUITAINE;17000;LA ROCHELLE
31;Rue D'AMBOISE;17000;LA ROCHELLE
16;Rue D'AMBOISE;17000;LA ROCHELLE
14;Rue AMELOT;17000;LA ROCHELLE
50;Avenue AMERIGO VESPUCCI;17000;LA ROCHELLE
35;Avenue AMERIGO VESPUCCI;17000;LA ROCHELLE
35;Avenue AMERIGO VESPUCCI;17000;LA ROCHELLE
32;Avenue AMERIGO VESPUCCI;17000;LA ROCHELLE
35;Avenue AMERIGO VESPUCCI;17000;LA ROCHELLE
36;Avenue AMERIGO VESPUCCI;17000;LA ROCHELLE
46;Avenue AMERIGO VESPUCCI;17000;LA ROCHELLE
11;Avenue DES AMERIQUES;17000;LA ROCHELLE
11;Avenue DES AMERIQUES;17000;LA ROCHELLE
51;Avenue DES AMERIQUES;17000;LA ROCHELLE
54;Avenue DES AMERIQUES;17000;LA ROCHELLE
28;Avenue DES AMERIQUES;17000;LA ROCHELLE
17;Rue AMIRAL DUPERRE;17000;LA ROCHELLE
42 BIS;Rue AMIRAL DUPERRE;17000;LA ROCHELLE
5;Rue AMOS BARBOT;17000;LA ROCHELLE
23;Rue AMOS BARBOT;17000;LA ROCHELLE
34;Rue AMPERE;17000;LA ROCHELLE
43;Rue AMPERE;17000;LA ROCHELLE
38;Rue AMPERE;17000;LA ROCHELLE
30;Rue AMPERE;17000;LA ROCHELLE
30;Rue AMPERE;17000;LA ROCHELLE
14;Avenue D'AMSTERDAM;17000;LA ROCHELLE
13;Rue ANDRE GABARET;17000;LA ROCHELLE
22;Rue ANDRE GABARET;17000;LA ROCHELLE
25;Rue ANDRE GARNERIN;17000;LA ROCHELLE
24;Boulevard ANDRE SAUTEL;17000;LA ROCHELLE
17;Boulevard ANDRE SAUTEL;17000;LA ROCHELLE
151 BIS;Boulevard ANDRE SAUTEL;17000;LA ROCHELLE
177;Boulevard ANDRE SAUTEL;17000;LA ROCHELLE
106;Boulevard ANDRE SAUTEL;17000;LA ROCHELLE
;Rue L'ANGE GARDIEN;17000;LA ROCHELLE
8;Rue ANGE JACQUES GABRIEL;17000;LA ROCHELLE
4;Rue ANGE JACQUES GABRIEL;17000;LA ROCHELLE
2;Rue ANGE JACQUES GABRIEL;17000;LA ROCHELLE
12;Rue ANGE JACQUES GABRIEL;17000;LA ROCHELLE
14;Rue ANGE JACQUES GABRIEL;17000;LA ROCHELLE
3;Square ANNETTE EPAUD;17000;LA ROCHELLE
1;Rue D'ANTIOCHE;17000;LA ROCHELLE
3;Rue ANTOINE WATTEAU;17000;LA ROCHELLE
24;Rue DE L'AQUEDUC;17000;LA ROCHELLE
7;Rue DES ARDENNES;17000;LA ROCHELLE
23;Rue DES ARDENNES;17000;LA ROCHELLE
36;Rue Du Fief des Ardennes;17000;LA ROCHELLE
25;Rue Du Fief des Ardennes;17000;LA ROCHELLE
7;Rue Du Fief des Ardennes;17000;LA ROCHELLE
61;Rue Du Fief des Ardennes;17000;LA ROCHELLE
7;Avenue ARISTIDE BRIAND;17000;LA ROCHELLE
51;Boulevard ARISTIDE RONDEAU;17000;LA ROCHELLE
31;Boulevard ARISTIDE RONDEAU;17000;LA ROCHELLE
;Boulevard ARISTIDE RONDEAU;17000;LA ROCHELLE
33;Boulevard ARISTIDE RONDEAU;17000;LA ROCHELLE
6;Boulevard ARISTIDE RONDEAU;17000;LA ROCHELLE
31;Boulevard ARISTIDE RONDEAU;17000;LA ROCHELLE
19;Boulevard ARISTIDE RONDEAU;17000;LA ROCHELLE
45;Boulevard ARISTIDE RONDEAU;17000;LA ROCHELLE
39 BIS;Rue D'ARRAS;17000;LA ROCHELLE
17;Rue D'ARRAS;17000;LA ROCHELLE
6;Rue D'ARRAS;17000;LA ROCHELLE
10;Rue DE L'ARSENAL;17000;LA ROCHELLE
10;Rue DE L'ARSENAL;17000;LA ROCHELLE
10;Rue DE L'ARSENAL;17000;LA ROCHELLE
27;Rue ARTHUR RIMBAUD;17000;LA ROCHELLE
30;Rue ARTHUR RIMBAUD;17000;LA ROCHELLE
17;Rue ARTHUR RIMBAUD;17000;LA ROCHELLE
15;Avenue ARTHUR VERDIER;17000;LA ROCHELLE
15;Avenue ARTHUR VERDIER;17000;LA ROCHELLE
50;Rue DE L'ARTILLERIE;17000;LA ROCHELLE
7;Rue DE L'ARTILLERIE;17000;LA ROCHELLE
12;Rue DE L'ARTOIS;17000;LA ROCHELLE
14;Rue DE L'ARTOIS;17000;LA ROCHELLE
14;Rue DE L'ARTOIS;17000;LA ROCHELLE
19;Rue ARVEDE BARINE;17000;LA ROCHELLE
36;Rue ARVEDE BARINE;17000;LA ROCHELLE
1;Rue DES AUGUSTINS;17000;LA ROCHELLE
1;Rue DES AUGUSTINS;17000;LA ROCHELLE
1;Rue DES AUGUSTINS;17000;LA ROCHELLE
5;Rue DE LA BARBADE;17000;LA ROCHELLE
11;Rue DE LA BARROERE;17000;LA ROCHELLE
54BIS;Rue BASSE DE SAINT ELOI;17000;LA ROCHELLE
45;Rue BASSE DE SAINT ELOI;17000;LA ROCHELLE
64;Rue BASSE DE SAINT ELOI;17000;LA ROCHELLE
64;Rue BASSE DE SAINT ELOI;17000;LA ROCHELLE
29;Rue BASSE DE SAINT ELOI;17000;LA ROCHELLE
54 BIS;Rue BASSE DE SAINT ELOI;17000;LA ROCHELLE
43;Rue BASSE DE SAINT ELOI;17000;LA ROCHELLE
61 BIS;Rue BASSE DE SAINT ELOI;17000;LA ROCHELLE
71;Rue BASSE DE SAINT ELOI;17000;LA ROCHELLE
10;Rue DU BASTION SAINT NICOLAS;17000;LA ROCHELLE
4;Rue ALPHONSE BAUDIN;17000;LA ROCHELLE
4;Rue ALPHONSE BAUDIN;17000;LA ROCHELLE
4;Rue ALPHONSE BAUDIN;17000;LA ROCHELLE
7;Rue ALPHONSE BAUDIN;17000;LA ROCHELLE
23;Rue ALPHONSE BAUDIN;17000;LA ROCHELLE
4;Rue ALPHONSE BAUDIN;17000;LA ROCHELLE
12;Rue ALPHONSE BAUDIN;17000;LA ROCHELLE
11;Rue ALPHONSE BAUDIN;17000;LA ROCHELLE
12;Rue ALPHONSE BAUDIN;17000;LA ROCHELLE
7;Rue de BAZEILLES;17000;LA ROCHELLE
71;Rue DE BEAUREGARD;17000;LA ROCHELLE
35;Rue DE BEAUREGARD;17000;LA ROCHELLE
32;Rue BEL AIR;17000;LA ROCHELLE
31;Rue BEL AIR;17000;LA ROCHELLE
33;Rue BEL AIR;17000;LA ROCHELLE
35;Rue BEL AIR;17000;LA ROCHELLE
28;Avenue DE BELGRADE;17000;LA ROCHELLE
26;Avenue DE BELGRADE;17000;LA ROCHELLE
10;Rue DE LA BELLE DE MAI;17000;LA ROCHELLE
10;Rue DE LA BELLE DE MAI;17000;LA ROCHELLE
30;Rue DE LA BELETTE;17000;LA ROCHELLE
17;Rue DE LA BELETTE;17000;LA ROCHELLE
30;Rue DE LA BELETTE;17000;LA ROCHELLE
17;Rue DE LA BELETTE;17000;LA ROCHELLE
45;Rue DE LA BERGERIE;17000;LA ROCHELLE
41;Rue DE LA BERGERIE;17000;LA ROCHELLE
41;Rue DE LA BERGERIE;17000;LA ROCHELLE
41 BIS;Rue DE LA BERGERIE;17000;LA ROCHELLE
22 bis;Rue DE LA BERGERIE;17000;LA ROCHELLE
4;Avenue DE BERLIN;17000;LA ROCHELLE
8;Avenue DE BERLIN;17000;LA ROCHELLE
40;Rue BERNARD PALISSY;17000;LA ROCHELLE
30;Rue BERNARD PALISSY;17000;LA ROCHELLE
10;Square DU BERRY;17000;LA ROCHELLE
76;Rue DE BETHENCOURT;17000;LA ROCHELLE
7;Avenue BILLAUD VARENNE;17000;LA ROCHELLE
7;Avenue BILLAUD VARENNE;17000;LA ROCHELLE
7;Avenue BILLAUD VARENNE;17000;LA ROCHELLE
5;Avenue BILLAUD VARENNE;17000;LA ROCHELLE
13;Avenue BILLAUD VARENNE;17000;LA ROCHELLE
27;Avenue BILLAUD VARENNE;17000;LA ROCHELLE
27;Avenue BILLAUD VARENNE;17000;LA ROCHELLE
27;Avenue BILLAUD VARENNE;17000;LA ROCHELLE
27;Avenue BILLAUD VARENNE;17000;LA ROCHELLE
27;Avenue BILLAUD VARENNE;17000;LA ROCHELLE
11;Avenue BILLAUD VARENNE;17000;LA ROCHELLE
11;Avenue BILLAUD VARENNE;17000;LA ROCHELLE
11;Avenue BILLAUD VARENNE;17000;LA ROCHELLE
33;Avenue BILLAUD VARENNE;17000;LA ROCHELLE
15;Avenue BILLAUD VARENNE;17000;LA ROCHELLE
19;Avenue BILLAUD VARENNE;17000;LA ROCHELLE
15;Avenue BILLAUD VARENNE;17000;LA ROCHELLE
13;Avenue BILLAUD VARENNE;17000;LA ROCHELLE
13;Avenue BILLAUD VARENNE;17000;LA ROCHELLE
29;Avenue BILLAUD VARENNE;17000;LA ROCHELLE
29;Avenue BILLAUD VARENNE;17000;LA ROCHELLE
17;Avenue BILLAUD VARENNE;17000;LA ROCHELLE
5;Avenue BILLAUD VARENNE;17000;LA ROCHELLE
7;Avenue BILLAUD VARENNE;17000;LA ROCHELLE
6;Rue BIZET;17000;LA ROCHELLE
23;Rue BLETTERIE;17000;LA ROCHELLE
10;Rue BLETTERIE;17000;LA ROCHELLE
34;Rue DU BOIS FLEURI;17000;LA ROCHELLE
34;Rue DU BOIS FLEURI;17000;LA ROCHELLE
1;Rue DES BONNES FEMMES;17000;LA ROCHELLE
6;Rue BONPLAND;17000;LA ROCHELLE
13;Rue BOUGUEREAU;17000;LA ROCHELLE
40;Rue BRAILLE;17000;LA ROCHELLE
28;Rue BRAILLE;17000;LA ROCHELLE
49;Rue BRAILLE;17000;LA ROCHELLE
5 BIS;Rue BRAILLE;17000;LA ROCHELLE
28;Rue BRAILLE;17000;LA ROCHELLE
28;Rue BRAILLE;17000;LA ROCHELLE
73;Rue BRAILLE;17000;LA ROCHELLE
45;Rue BRAILLE;17000;LA ROCHELLE
28;Rue BRAILLE;17000;LA ROCHELLE
11;Rue DES BRANDES;17000;LA ROCHELLE
5;Rue BRETIGNIERE;17000;LA ROCHELLE
2;Impasse DES BRISES;17000;LA ROCHELLE
6;Rue BROSSARD DE BEAULIEU;17000;LA ROCHELLE
15;Allée DE BRUXELLES;17000;LA ROCHELLE
31;Allée DE BRUXELLES;17000;LA ROCHELLE
19;Allée DE BRUXELLES;17000;LA ROCHELLE
19;Allée DE BRUXELLES;17000;LA ROCHELLE
25;Allée DE BRUXELLES;17000;LA ROCHELLE
19;Allée DE BRUXELLES;17000;LA ROCHELLE
11;Allée DE BRUXELLES;17000;LA ROCHELLE
16;Avenue DE BUCAREST;17000;LA ROCHELLE
1;Avenue DE BUCAREST;17000;LA ROCHELLE
16;Avenue DE BUCAREST;17000;LA ROCHELLE
5;Rue BUFFETERIE;17000;LA ROCHELLE
12;Rue BUFFETERIE;17000;LA ROCHELLE
5;Rue BUFFETERIE;17000;LA ROCHELLE
3 BIS;Rue BURGAUD DES MARETS;17000;LA ROCHELLE
3;Rue BURGAUD DES MARETS;17000;LA ROCHELLE
3;Rue DU CABESTAN;17000;LA ROCHELLE
1;Rue DU CABESTAN;17000;LA ROCHELLE
1;Rue DU CABESTAN;17000;LA ROCHELLE
4;Rue DE CAEN;17000;LA ROCHELLE
4;Rue DE CAEN;17000;LA ROCHELLE
1;Rue DE CAEN;17000;LA ROCHELLE
33;Rue DE CALAIS;17000;LA ROCHELLE
12;Rue DE CALAIS;17000;LA ROCHELLE
4;Rue CAMILLE DESMOULINS;17000;LA ROCHELLE
6;Rue CAMILLE DESMOULINS;17000;LA ROCHELLE
12;Rue CAMILLE DESMOULINS;17000;LA ROCHELLE
8;Rue CAMILLE DESMOULINS;17000;LA ROCHELLE
4;Rue CAMILLE DESMOULINS;17000;LA ROCHELLE
2;Rue CAMILLE DESMOULINS;17000;LA ROCHELLE
12;Rue CAMILLE DESMOULINS;17000;LA ROCHELLE
4;Rue CAMILLE DESMOULINS;17000;LA ROCHELLE
;Rue CAMILLE DESMOULINS;17000;LA ROCHELLE
6;Rue CAMILLE DESMOULINS;17000;LA ROCHELLE
4;Rue CAMILLE DESMOULINS;17000;LA ROCHELLE
6;Rue CAMILLE DESMOULINS;17000;LA ROCHELLE
6;Rue CAMILLE DESMOULINS;17000;LA ROCHELLE
6;Rue CAMILLE DESMOULINS;17000;LA ROCHELLE
12;Rue CAMILLE DESMOULINS;17000;LA ROCHELLE
6;Rue CAMILLE DESMOULINS;17000;LA ROCHELLE
13;Rue CAMILLE DESMOULINS;17000;LA ROCHELLE
12;Rue CAMILLE DESMOULINS;17000;LA ROCHELLE
1;Rue CAMILLE DESMOULINS;17000;LA ROCHELLE
2;Rue CAMILLE DESMOULINS;17000;LA ROCHELLE
5;Rue CAMILLE DESMOULINS;17000;LA ROCHELLE
8;Rue CAMILLE DESMOULINS;17000;LA ROCHELLE
4;Rue CAMILLE DESMOULINS;17000;LA ROCHELLE
13;Rue CAMILLE DESMOULINS;17000;LA ROCHELLE
1;Rue CAMILLE DESMOULINS;17000;LA ROCHELLE
10;Rue CAMILLE DESMOULINS;17000;LA ROCHELLE
12;Rue CAMILLE DESMOULINS;17000;LA ROCHELLE
4;Rue CAMILLE DESMOULINS;17000;LA ROCHELLE
12;Rue CAMILLE DESMOULINS;17000;LA ROCHELLE
17;Rue CAMILLE DESMOULINS;17000;LA ROCHELLE
8;Rue DE LA CANEBIERE;17000;LA ROCHELLE
5;Place DU CANTON;17000;LA ROCHELLE
3;Impasse DU CAPRICORNE;17000;LA ROCHELLE
180;Avenue CARNOT;17000;LA ROCHELLE
237;Avenue CARNOT;17000;LA ROCHELLE
176;Avenue CARNOT;17000;LA ROCHELLE
199;Avenue CARNOT;17000;LA ROCHELLE
237;Avenue CARNOT;17000;LA ROCHELLE
237;Avenue CARNOT;17000;LA ROCHELLE
22;Rue CAVELIER DE LA SALLE;17000;LA ROCHELLE
19;Rue LE CERF VOLANT;17000;LA ROCHELLE
38;Rue LE CERF VOLANT;17000;LA ROCHELLE
34;Avenue DU CHAMP DE MARS;17000;LA ROCHELLE
22;Avenue DU CHAMP DE MARS;17000;LA ROCHELLE
27 TER;Rue DES CHAMPS;17000;LA ROCHELLE
11;Rue CHARLES DELESCLUZE;17000;LA ROCHELLE
9;Rue CHARLES GOUNOD;17000;LA ROCHELLE
3;Rue CHARLES LE BRUN;17000;LA ROCHELLE
3;Rue CHARLES LE BRUN;17000;LA ROCHELLE
3;Rue CHARLES LE BRUN;17000;LA ROCHELLE
11;Rue CHARLES LE BRUN;17000;LA ROCHELLE
5;Rue CHARLES LE BRUN;17000;LA ROCHELLE
6;Rue CHARLES PERCIER;17000;LA ROCHELLE
22 BIS;Rue CHARLEVILLE MEZIERES;17000;LA ROCHELLE
4;Square DU CHATEAU D'EAU;17000;LA ROCHELLE
4;Square DU CHATEAU D'EAU;17000;LA ROCHELLE
9;Rue DU CHATEAU D'IF;17000;LA ROCHELLE
9;Rue DU CHATEAU D'IF;17000;LA ROCHELLE
6;Square DU CHATEAU GAILLARD;17000;LA ROCHELLE
5;Rue CHATEAU DE VAUCLERC;17000;LA ROCHELLE
1;Rue CHATEAU DE VAUCLERC;17000;LA ROCHELLE
5;Rue CHAUDRIER;17000;LA ROCHELLE
58;Rue CHAUDRIER;17000;LA ROCHELLE
52;Rue CHAUDRIER;17000;LA ROCHELLE
4;Rue CHAUDRIER;17000;LA ROCHELLE
9;Rue DU CHEMIN VERT;17000;LA ROCHELLE
9;Rue DU CHEMIN VERT;17000;LA ROCHELLE
34;Chemin DES CHIRONS LONGS;17000;LA ROCHELLE
39;Chemin DES CHIRONS LONGS;17000;LA ROCHELLE
34;Chemin DES CHIRONS LONGS;17000;LA ROCHELLE
33;Chemin DES CHIRONS LONGS;17000;LA ROCHELLE
33;Chemin DES CHIRONS LONGS;17000;LA ROCHELLE
30;Chemin DES CHIRONS LONGS;17000;LA ROCHELLE
35;Chemin DES CHIRONS LONGS;17000;LA ROCHELLE
13;Rue CHRISTIAN PELLEREAU;17000;LA ROCHELLE
152;Avenue DU CIMETIERE;17000;LA ROCHELLE
154;Avenue DU CIMETIERE;17000;LA ROCHELLE
245;Avenue DU CIMETIERE;17000;LA ROCHELLE
227 BIS;Avenue DU CIMETIERE;17000;LA ROCHELLE
229;Avenue DU CIMETIERE;17000;LA ROCHELLE
233;Avenue DU CIMETIERE;17000;LA ROCHELLE
84;Avenue DU CIMETIERE;17000;LA ROCHELLE
213;Avenue DU CIMETIERE;17000;LA ROCHELLE
104;Avenue DU CIMETIERE;17000;LA ROCHELLE
233 TER;Avenue DU CIMETIERE;17000;LA ROCHELLE
213;Avenue DU CIMETIERE;17000;LA ROCHELLE
94;Avenue DU CIMETIERE;17000;LA ROCHELLE
25;Rue DE LA CIOTAT;17000;LA ROCHELLE
15 TER;Rue DE LA CIOTAT;17000;LA ROCHELLE
10;Rue DE LA CIOTAT;17000;LA ROCHELLE
7;Rue CLAIRE LACOMBE;17000;LA ROCHELLE
9;Rue CLAUDE FARRERE;17000;LA ROCHELLE
59;Rue CLAUDE MASSE;17000;LA ROCHELLE
43;Rue CLAUDE MASSE;17000;LA ROCHELLE
32;Rue CLAUDE MASSE;17000;LA ROCHELLE
4 BIS;Rue CLEMENT ADER;17000;LA ROCHELLE
1;Rue CLEMENT MAROT;17000;LA ROCHELLE
36;Rue DES CLOUTIERS;17000;LA ROCHELLE
2;Rue DES CLOUTIERS;17000;LA ROCHELLE
7;Rue DES CLOUTIERS;17000;LA ROCHELLE
18;Rue DES CLOUTIERS;17000;LA ROCHELLE
30;Boulevard DE COGNEHORS;17000;LA ROCHELLE
4;Boulevard DE COGNEHORS;17000;LA ROCHELLE
91;Avenue COLIGNY;17000;LA ROCHELLE
3;Avenue COLIGNY;17000;LA ROCHELLE
9BIS;Impasse DU COLLEGE;17000;LA ROCHELLE
3;Rue DU COLLEGE;17000;LA ROCHELLE
19;Rue DU COLLEGE;17000;LA ROCHELLE
31;Rue DU COLLEGE;17000;LA ROCHELLE
2;Rue COLLOT D'HERBOIS;17000;LA ROCHELLE
16;Avenue DE COLMAR;17000;LA ROCHELLE
1;Rue DU COLOMBIER;17000;LA ROCHELLE
1;Rue DU COLOMBIER;17000;LA ROCHELLE
63;Avenue DU COLONEL VICTOR MENARD;17000;LA ROCHELLE
24;Rue DU COMMANDANT CALLOT;17000;LA ROCHELLE
39;Rue DU COMMANDANT L'HERMINIER;17000;LA ROCHELLE
24;Rue DU COMMANDANT L'HERMINIER;17000;LA ROCHELLE
6;Rue DE LA COMMUNE;17000;LA ROCHELLE
3;Rue COMTE DE NICE;17000;LA ROCHELLE
14;Rue COMTE DE NICE;17000;LA ROCHELLE
5;Rue DE LA CONVENTION;17000;LA ROCHELLE
3;Rue DE LA CONVENTION;17000;LA ROCHELLE
5;Rue DE LA CONVENTION;17000;LA ROCHELLE
5;Rue DE LA CONVENTION;17000;LA ROCHELLE
1;Rue DE LA CONVENTION;17000;LA ROCHELLE
5;Rue DE LA CONVENTION;17000;LA ROCHELLE
1;Avenue DE COPENHAGUE;17000;LA ROCHELLE
1;Avenue DE COPENHAGUE;17000;LA ROCHELLE
75;Avenue DES CORDELIERS;17000;LA ROCHELLE
46;Avenue DES CORDELIERS;17000;LA ROCHELLE
52;Avenue DES CORDELIERS;17000;LA ROCHELLE
15;Avenue DES CORDELIERS;17000;LA ROCHELLE
21;Avenue DES CORDELIERS;17000;LA ROCHELLE
73;Avenue DES CORDELIERS;17000;LA ROCHELLE
46;Avenue DES CORDELIERS;17000;LA ROCHELLE
21;Avenue DES CORDELIERS;17000;LA ROCHELLE
;Place DES CORDELIERS;17000;LA ROCHELLE
21;Rue DES CORDERIES;17000;LA ROCHELLE
7 BIS;Rue DU CORDOUAN;17000;LA ROCHELLE
43;Rue DU CORDOUAN;17000;LA ROCHELLE
10;Rue DU CORDOUAN;17000;LA ROCHELLE
15;Rue DU CORDOUAN;17000;LA ROCHELLE
23;Rue DU CORDOUAN;17000;LA ROCHELLE
18;Avenue DES CORSAIRES;17000;LA ROCHELLE
38;Avenue DES CORSAIRES;17000;LA ROCHELLE
35;Avenue DES CORSAIRES;17000;LA ROCHELLE
105;Rue DE COUREILLES;17000;LA ROCHELLE
111;Rue DE COUREILLES;17000;LA ROCHELLE
111;Rue DE COUREILLES;17000;LA ROCHELLE
105;Rue DE COUREILLES;17000;LA ROCHELLE
117;Rue DE COUREILLES;17000;LA ROCHELLE
4;Rue DE LA CRECHE;17000;LA ROCHELLE
8;Rue DES CREUSES;17000;LA ROCHELLE
5;Impasse DES CYPRES;17000;LA ROCHELLE
5;Rue DES DAHLIAS;17000;LA ROCHELLE
26;Cours DAME HILAIRE;17000;LA ROCHELLE
32;Cours DAME HILAIRE;17000;LA ROCHELLE
26;Cours DAME HILAIRE;17000;LA ROCHELLE
26;Cours DAME HILAIRE;17000;LA ROCHELLE
20;Cours DAME HILAIRE;17000;LA ROCHELLE
20;Cours DAME HILAIRE;17000;LA ROCHELLE
42;Cours DAME HILAIRE;17000;LA ROCHELLE
38;Cours DAME HILAIRE;17000;LA ROCHELLE
8;Cours DAME HILAIRE;17000;LA ROCHELLE
6;Cours DAME HILAIRE;17000;LA ROCHELLE
34;Cours DAME HILAIRE;17000;LA ROCHELLE
34;Cours DAME HILAIRE;17000;LA ROCHELLE
32;Cours DAME HILAIRE;17000;LA ROCHELLE
30;Cours DAME HILAIRE;17000;LA ROCHELLE
38;Cours DAME HILAIRE;17000;LA ROCHELLE
18;Cours DAME HILAIRE;17000;LA ROCHELLE
26;Cours DAME HILAIRE;17000;LA ROCHELLE
10;Cours DAME HILAIRE;17000;LA ROCHELLE
34;Cours DAME HILAIRE;17000;LA ROCHELLE
38;Cours DAME HILAIRE;17000;LA ROCHELLE
4;Cours DAME HILAIRE;17000;LA ROCHELLE
24;Cours DAME HILAIRE;17000;LA ROCHELLE
4;Cours DAME HILAIRE;17000;LA ROCHELLE
17;Rue DES DAMES;17000;LA ROCHELLE
47;Avenue DANTON;17000;LA ROCHELLE
47;Avenue DANTON;17000;LA ROCHELLE
47;Avenue DANTON;17000;LA ROCHELLE
47;Avenue DANTON;17000;LA ROCHELLE
47;Avenue DANTON;17000;LA ROCHELLE
45;Avenue DANTON;17000;LA ROCHELLE
45;Avenue DANTON;17000;LA ROCHELLE
45;Avenue DANTON;17000;LA ROCHELLE
4;Avenue DANTON;17000;LA ROCHELLE
45;Avenue DANTON;17000;LA ROCHELLE
47;Avenue DANTON;17000;LA ROCHELLE
47;Avenue DANTON;17000;LA ROCHELLE
3;Rue DU DAUPHINE;17000;LA ROCHELLE
6;Rue DU DAUPHINE;17000;LA ROCHELLE
3;Rue DU DAUPHINE;17000;LA ROCHELLE
3;Rue DU DAUPHINE;17000;LA ROCHELLE
3;Rue DU DAUPHINE;17000;LA ROCHELLE
17;Rue DEBUSSY;17000;LA ROCHELLE
44;Rue DELABARRE;17000;LA ROCHELLE
61;Rue DELABARRE;17000;LA ROCHELLE
18;Rue DELAYANT;17000;LA ROCHELLE
7;Rue DELAYANT;17000;LA ROCHELLE
27;Rue DELIBES;17000;LA ROCHELLE
283;Avenue DENFERT ROCHEREAU;17000;LA ROCHELLE
125;Avenue DENFERT ROCHEREAU;17000;LA ROCHELLE
277;Avenue DENFERT ROCHEREAU;17000;LA ROCHELLE
66;Avenue DENFERT ROCHEREAU;17000;LA ROCHELLE
221 BIS;Avenue DENFERT ROCHEREAU;17000;LA ROCHELLE
171;Avenue DENFERT ROCHEREAU;17000;LA ROCHELLE
49;Avenue DENFERT ROCHEREAU;17000;LA ROCHELLE
290;Avenue DENFERT ROCHEREAU;17000;LA ROCHELLE
233;Avenue DENFERT ROCHEREAU;17000;LA ROCHELLE
3;Avenue DENFERT ROCHEREAU;17000;LA ROCHELLE
300;Avenue DENFERT ROCHEREAU;17000;LA ROCHELLE
282;Avenue DENFERT ROCHEREAU;17000;LA ROCHELLE
177;Avenue DENFERT ROCHEREAU;17000;LA ROCHELLE
170;Avenue DENFERT ROCHEREAU;17000;LA ROCHELLE
264;Avenue DENFERT ROCHEREAU;17000;LA ROCHELLE
247;Avenue DENFERT ROCHEREAU;17000;LA ROCHELLE
293;Avenue DENFERT ROCHEREAU;17000;LA ROCHELLE
49;Avenue DENFERT ROCHEREAU;17000;LA ROCHELLE
270;Avenue DENFERT ROCHEREAU;17000;LA ROCHELLE
293;Avenue DENFERT ROCHEREAU;17000;LA ROCHELLE
37;Rue DENIS DE FRONSAC;17000;LA ROCHELLE
39;Rue DENIS DE FRONSAC;17000;LA ROCHELLE
37;Rue DENIS DE FRONSAC;17000;LA ROCHELLE
20;Rue DENIS PAPIN;17000;LA ROCHELLE
35 B;Rue DESAGULIERS;17000;LA ROCHELLE
25;Rue DE LA DESCENDERIE;17000;LA ROCHELLE
97;Rue DE LA DESCENDERIE;17000;LA ROCHELLE
8;Rue DE LA DESIRADE;17000;LA ROCHELLE
10;Rue DE LA DESIRADE;17000;LA ROCHELLE
18;Rue LA DESIREE;17000;LA ROCHELLE
11;Rue DU 19 MARS 1962;17000;LA ROCHELLE
5;Rue DOCTEUR CALMETTE;17000;LA ROCHELLE
17;Rue DU DOCTEUR DELETANT;17000;LA ROCHELLE
22;Rue DU DOCTEUR DELETANT;17000;LA ROCHELLE
12;Rue DOCTEUR JAMOT;17000;LA ROCHELLE
7;Rue DOCTEUR JAMOT;17000;LA ROCHELLE
2;Rue DOCTEUR ROUX;17000;LA ROCHELLE
5;Rue DU DOCTEUR ROGER TAVERA;17000;LA ROCHELLE
6;Rue DU DOCTEUR ROGER TAVERA;17000;LA ROCHELLE
19;Rue DU DOCTEUR ROGER TAVERA;17000;LA ROCHELLE
15;Rue DU DOCTEUR ROGER TAVERA;17000;LA ROCHELLE
15;Rue DU DOCTEUR ROGER TAVERA;17000;LA ROCHELLE
15;Rue DU DOCTEUR ROGER TAVERA;17000;LA ROCHELLE
6;Rue DU DOCTEUR ROGER TAVERA;17000;LA ROCHELLE
26;Rue DE DOMPIERRE;17000;LA ROCHELLE
4;Rue DORIOLE;17000;LA ROCHELLE
24;Rue DU DUC;17000;LA ROCHELLE
24;Rue DU DUC;17000;LA ROCHELLE
5;Rue DU CERCEAU;17000;LA ROCHELLE
3;Rue DU CERCEAU;17000;LA ROCHELLE
18;Rue DUNANT;17000;LA ROCHELLE
18;Rue DUNANT;17000;LA ROCHELLE
24;Rue DUNANT;17000;LA ROCHELLE
7;Rue DUNANT;17000;LA ROCHELLE
22;Quai DUPERRE;17000;LA ROCHELLE
1;Rue DU PETIT THOUARS;17000;LA ROCHELLE
34;Rue DUPLEIX;17000;LA ROCHELLE
8;Rue ECHELLE CHAUVIN;17000;LA ROCHELLE
144;Avenue EDMOND GRASSET;17000;LA ROCHELLE
63;Avenue EDMOND GRASSET;17000;LA ROCHELLE
65;Avenue EDMOND GRASSET;17000;LA ROCHELLE
;Avenue EDMOND GRASSET;17000;LA ROCHELLE
63 TER;Avenue EDMOND GRASSET;17000;LA ROCHELLE
3;Rue EDOUARD VAILLANT;17000;LA ROCHELLE
1;Rue EDOUARD BRANLY;17000;LA ROCHELLE
5;Rue EDOUARD BRANLY;17000;LA ROCHELLE
5;Rue EDOUARD BRANLY;17000;LA ROCHELLE
18;Rue EDOUARD NIEUPORT;17000;LA ROCHELLE
31;Rue DES EGLANTIERS;17000;LA ROCHELLE
21;Rue DES EGLANTIERS;17000;LA ROCHELLE
12;Rue DE L'EGLISE;17000;LA ROCHELLE
9;Rue ELISABETH TIBLE;17000;LA ROCHELLE
6;Rue EMILE COUNEAU;17000;LA ROCHELLE
33;Rue EMILE COUNEAU;17000;LA ROCHELLE
17;Rue EMILE COUNEAU;17000;LA ROCHELLE
10;Boulevard EMILE DELMAS;17000;LA ROCHELLE
294;Boulevard EMILE DELMAS;17000;LA ROCHELLE
40;Boulevard EMILE DELMAS;17000;LA ROCHELLE
26;Rue EMILE EUDES;17000;LA ROCHELLE
6;Rue EMILE EUDES;17000;LA ROCHELLE
2;Rue EMILE EUDES;17000;LA ROCHELLE
1;Impasse EMILE MAFFEIS;17000;LA ROCHELLE
203;Rue EMILE NORMANDIN;17000;LA ROCHELLE
203;Rue EMILE NORMANDIN;17000;LA ROCHELLE
12 BIS;Rue EMILE NORMANDIN;17000;LA ROCHELLE
18;Rue EMILE PICARD;17000;LA ROCHELLE
18;Rue EMILE PICARD;17000;LA ROCHELLE
14bis;Rue EMILE RACAUD;17000;LA ROCHELLE
14bis;Rue EMILE RACAUD;17000;LA ROCHELLE
28 BIS;Rue EMILE RACAUD;17000;LA ROCHELLE
28 BIS;Rue EMILE RACAUD;17000;LA ROCHELLE
52;Rue EMILE RACAUD;17000;LA ROCHELLE
26;Rue EMILE VERHAEREN;17000;LA ROCHELLE
36;Rue EMILE VERHAEREN;17000;LA ROCHELLE
1;Rue EMILE VICTOR DUVAL;17000;LA ROCHELLE
28;Rue ENRICO FERMI;17000;LA ROCHELLE
38;Rue ENRICO FERMI;17000;LA ROCHELLE
38;Rue ENRICO FERMI;17000;LA ROCHELLE
5;Rue DE L'ERMITAGE;17000;LA ROCHELLE
1;Rue DE L'ERMITAGE;17000;LA ROCHELLE
8;Rue DE L'ERMITAGE;17000;LA ROCHELLE
46 BIS;Rue DE L'ERMITAGE;17000;LA ROCHELLE
24;Rue DE L'ERMITAGE;17000;LA ROCHELLE
5;Rue DE L'ERMITAGE;17000;LA ROCHELLE
57;Rue DE L'ERMITAGE;17000;LA ROCHELLE
22;Rue DE L'ERMITAGE;17000;LA ROCHELLE
3;Rue ERNEST MEISSONNIER;17000;LA ROCHELLE
5;Rue ERNEST MEISSONNIER;17000;LA ROCHELLE
5;Rue ERNEST MEISSONNIER;17000;LA ROCHELLE
3 BIS;Rue ERNEST MEISSONNIER;17000;LA ROCHELLE
5;Rue ERNEST MEISSONNIER;17000;LA ROCHELLE
5;Rue ERNEST MEISSONNIER;17000;LA ROCHELLE
3 BIS;Rue ERNEST MEISSONNIER;17000;LA ROCHELLE
5 BIS;Rue ERNEST MEISSONNIER;17000;LA ROCHELLE
1;Rue ERNEST MEISSONNIER;17000;LA ROCHELLE
1;Rue ERNEST MEISSONNIER;17000;LA ROCHELLE
5B;Rue ERNEST MEISSONNIER;17000;LA ROCHELLE
5bis;Rue ERNEST MEISSONNIER;17000;LA ROCHELLE
3;Rue ERNEST MEISSONNIER;17000;LA ROCHELLE
1 BIS;Rue ERNEST MEISSONNIER;17000;LA ROCHELLE
3 bis;Rue ERNEST MEISSONNIER;17000;LA ROCHELLE
12;Rue DE L'ESCALE;17000;LA ROCHELLE
9;Rue DE L'ESCALE;17000;LA ROCHELLE
17;Rue ETIENNE GIRARD;17000;LA ROCHELLE
17;Rue EUGENE DECOUT;17000;LA ROCHELLE
7;Rue EUGENE LABICHE;17000;LA ROCHELLE
9;Rue EUGENE LABICHE;17000;LA ROCHELLE
9;Rue EUGENE LABICHE;17000;LA ROCHELLE
7;Rue EUGENE LABICHE;17000;LA ROCHELLE
5;Rue EUGENE LABICHE;17000;LA ROCHELLE
3;Rue EUGENE LABICHE;17000;LA ROCHELLE
42;Place DE L'EUROPE;17000;LA ROCHELLE
26;Place DE L'EUROPE;17000;LA ROCHELLE
30;Place DE L'EUROPE;17000;LA ROCHELLE
16;Place DE L'EUROPE;17000;LA ROCHELLE
34;Place DE L'EUROPE;17000;LA ROCHELLE
42;Place DE L'EUROPE;17000;LA ROCHELLE
20;Place DE L'EUROPE;17000;LA ROCHELLE
18;Place DE L'EUROPE;17000;LA ROCHELLE
42;Place DE L'EUROPE;17000;LA ROCHELLE
26;Place DE L'EUROPE;17000;LA ROCHELLE
26;Place DE L'EUROPE;17000;LA ROCHELLE
2;Passage DE L'EUROPE;17000;LA ROCHELLE
2;Passage DE L'EUROPE;17000;LA ROCHELLE
2;Passage DE L'EUROPE;17000;LA ROCHELLE
20;Passage DE L'EUROPE;17000;LA ROCHELLE
24;Passage DE L'EUROPE;17000;LA ROCHELLE
2;Passage DE L'EUROPE;17000;LA ROCHELLE
8;Rue DE L'EVESCOT;17000;LA ROCHELLE
18;Rue FELIX PYAT;17000;LA ROCHELLE
23;Rue FELIX PYAT;17000;LA ROCHELLE
29;Rue DE FALAISE;17000;LA ROCHELLE
29;Rue DE FALAISE;17000;LA ROCHELLE
4;Rue FELIX BRIDAULT;17000;LA ROCHELLE
13;Rue FELIX BRIDAULT;17000;LA ROCHELLE
2;Square DES FAUVETTES;17000;LA ROCHELLE
1;Rue FELIX BRAQUEMOND;17000;LA ROCHELLE
7;Rue DE FERRIERES;17000;LA ROCHELLE
2;Rue DE FERRIERES;17000;LA ROCHELLE
79 TER;Avenue DE FETILLY;17000;LA ROCHELLE
87;Avenue DE FETILLY;17000;LA ROCHELLE
10 BIS;Rue DES FEUILLES;17000;LA ROCHELLE
;Rue FEVRIER;17000;LA ROCHELLE
24;Rue DE LA FILATURE;17000;LA ROCHELLE
22;Rue DE LA FILATURE;17000;LA ROCHELLE
18;Rue DE LA FILATURE;17000;LA ROCHELLE
16;Rue DE LA FILATURE;17000;LA ROCHELLE
1;Rue DE LA FILATURE;17000;LA ROCHELLE
3;Rue DES FLEURS;17000;LA ROCHELLE
22;Rue DES FONDERIES;17000;LA ROCHELLE
33 BIS;Rue DES FONDERIES;17000;LA ROCHELLE
31;Rue DES FONDERIES;17000;LA ROCHELLE
17;Rue FORAN;17000;LA ROCHELLE
5;Rue FRANCHE COMTE;17000;LA ROCHELLE
8;Rue FRANCK ANCELIN;17000;LA ROCHELLE
4;Rue FRANCK DELMAS;17000;LA ROCHELLE
24;Rue FRANCK DELMAS;17000;LA ROCHELLE
24;Rue FRANCK DELMAS;17000;LA ROCHELLE
;Rue FRANCK GARDES;17000;LA ROCHELLE
4;Rue FRANCOIS ARAGO;17000;LA ROCHELLE
4;Rue FRANCOIS BOUCHER;17000;LA ROCHELLE
4;Rue FRANCOIS BOUCHER;17000;LA ROCHELLE
2;Rue FRANCOIS BOUCHER;17000;LA ROCHELLE
6;Rue FRANCOIS MILLET;17000;LA ROCHELLE
4;Rue FRANCOIS MILLET;17000;LA ROCHELLE
4;Rue FRANCOIS RUDE;17000;LA ROCHELLE
6;Rue FRANCOIS RUDE;17000;LA ROCHELLE
6;Rue FRANCOIS RUDE;17000;LA ROCHELLE
11;Rue DES FRENES;17000;LA ROCHELLE
13 A;Rue DES FRENES;17000;LA ROCHELLE
68;Rue DES FRENES;17000;LA ROCHELLE
24;Rue DES FRENES;17000;LA ROCHELLE
56;Rue DES FRERES JOUSSEAUME;17000;LA ROCHELLE
49;Rue DES FRERES JOUSSEAUME;17000;LA ROCHELLE
10;Rue DES FRERES LUMIERE;17000;LA ROCHELLE
4;Rue DES FRERES LUMIERE;17000;LA ROCHELLE
2;Rue DES FRERES LUMIERE;17000;LA ROCHELLE
17;Quai DU GABUT;17000;LA ROCHELLE
67;Rue GAMBETTA;17000;LA ROCHELLE
93;Rue GAMBETTA;17000;LA ROCHELLE
53;Rue GAMBETTA;17000;LA ROCHELLE
22;Rue GAMBETTA;17000;LA ROCHELLE
67;Rue GAMBETTA;17000;LA ROCHELLE
67;Rue GAMBETTA;17000;LA ROCHELLE
1;Rue GARGOULLEAU;17000;LA ROCHELLE
15;Rue GARGOULLEAU;17000;LA ROCHELLE
20;Rue GARGOULLEAU;17000;LA ROCHELLE
7;Rue GASTON PERIER;17000;LA ROCHELLE
5;Rue GASTON PERIER;17000;LA ROCHELLE
1;Rue DU GENERAL D'AMADE;17000;LA ROCHELLE
28;Rue GENERAL DE CASTELNAU;17000;LA ROCHELLE
24;Rue GENERAL DE CASTELNAU;17000;LA ROCHELLE
49;Rue DU GENERAL DUMONT;17000;LA ROCHELLE
32;Rue DU GENERAL DUMONT;17000;LA ROCHELLE
49;Rue DU GENERAL DUMONT;17000;LA ROCHELLE
49;Rue DU GENERAL DUMONT;17000;LA ROCHELLE
41;Rue DU GENERAL DUMONT;17000;LA ROCHELLE
30;Rue DU GENERAL DUMONT;17000;LA ROCHELLE
9;Rue DU GENERAL DUMONT;17000;LA ROCHELLE
;Avenue DU GENERAL DE GAULLE;17000;LA ROCHELLE
13;Avenue DU GENERAL DE GAULLE;17000;LA ROCHELLE
22 D;Avenue DU GENERAL DE GAULLE;17000;LA ROCHELLE
1;Rue GENERAL GUILLAUMAT;17000;LA ROCHELLE
17;Avenue GENERAL LECLERC;17000;LA ROCHELLE
23;Avenue GENERAL LECLERC;17000;LA ROCHELLE
23;Avenue GENERAL LECLERC;17000;LA ROCHELLE
38;Avenue GENERAL LECLERC;17000;LA ROCHELLE
23 TER;Avenue GENERAL LECLERC;17000;LA ROCHELLE
23;Avenue GENERAL LECLERC;17000;LA ROCHELLE
29;Avenue GENERAL MANGIN;17000;LA ROCHELLE
41;Rue GENERAL SARRAIL;17000;LA ROCHELLE
41;Rue GENERAL SARRAIL;17000;LA ROCHELLE
13;Rue DES GENTILSHOMMES;17000;LA ROCHELLE
13;Rue DES GENTILSHOMMES;17000;LA ROCHELLE
13;Rue DES GENTILSHOMMES;17000;LA ROCHELLE
2;Rue GEORGES DUPOUY;17000;LA ROCHELLE
25;Rue GEORGES PRUDHOMME;17000;LA ROCHELLE
25;Rue GEORGES PRUDHOMME;17000;LA ROCHELLE
8;Rue GERMAIN SOUFFLOT;17000;LA ROCHELLE
8;Rue GERMAIN SOUFFLOT;17000;LA ROCHELLE
1;Rue GERMINAL;17000;LA ROCHELLE
1;Rue GERMINAL;17000;LA ROCHELLE
29;Rue GILL;17000;LA ROCHELLE
31;Rue DES GIRONDINS;17000;LA ROCHELLE
19;Rue DES GLACIS;17000;LA ROCHELLE
19;Rue DES GLACIS;17000;LA ROCHELLE
11;Rue DES GLAIEULS;17000;LA ROCHELLE
29;Rue LA GLOIRE;17000;LA ROCHELLE
4;Promenoir DE LA GOELETTE;17000;LA ROCHELLE
160;Rue DES GONTHIERES;17000;LA ROCHELLE
108/;Rue DES GONTHIERES;17000;LA ROCHELLE
38;Avenue DES GRANDES VARENNES;17000;LA ROCHELLE
12;Avenue DES GRANDES VARENNES;17000;LA ROCHELLE
12;Avenue DES GRANDES VARENNES;17000;LA ROCHELLE
10;Avenue DES GRANDES VARENNES;17000;LA ROCHELLE
10;Avenue DES GRANDES VARENNES;17000;LA ROCHELLE
10;Avenue DES GRANDES VARENNES;17000;LA ROCHELLE
14;Avenue DES GRANDES VARENNES;17000;LA ROCHELLE
24;Avenue DES GRANDES VARENNES;17000;LA ROCHELLE
12;Avenue DES GRANDES VARENNES;17000;LA ROCHELLE
20;Avenue DES GRANDES VARENNES;17000;LA ROCHELLE
16;Avenue DES GRANDES VARENNES;17000;LA ROCHELLE
38;Avenue DES GRANDES VARENNES;17000;LA ROCHELLE
38;Avenue DES GRANDES VARENNES;17000;LA ROCHELLE
38;Avenue DES GRANDES VARENNES;17000;LA ROCHELLE
17;Avenue DES GRANDES VARENNES;17000;LA ROCHELLE
12;Avenue DES GRANDES VARENNES;17000;LA ROCHELLE
18;Avenue DES GRANDES VARENNES;17000;LA ROCHELLE
10;Avenue DES GRANDES VARENNES;17000;LA ROCHELLE
8;Rue DES GRENADINES;17000;LA ROCHELLE
2;Rue DES GRENADINES;17000;LA ROCHELLE
3;Rue DES GRENADINES;17000;LA ROCHELLE
4;Rue DES GRENADINES;17000;LA ROCHELLE
7;Rue DES GRENADINES;17000;LA ROCHELLE
7;Rue DES GRENADINES;17000;LA ROCHELLE
1;Rue DES GRENADINES;17000;LA ROCHELLE
1;Rue DES GRENADINES;17000;LA ROCHELLE
8;Rue DES GRENADINES;17000;LA ROCHELLE
8;Rue DES GRENADINES;17000;LA ROCHELLE
8;Rue DE LA GRILLE;17000;LA ROCHELLE
5;Square DES GRIVES;17000;LA ROCHELLE
25;Rue DU GUE;17000;LA ROCHELLE
25;Rue DU GUE;17000;LA ROCHELLE
31;Rue DE LA GUIGNETTE;17000;LA ROCHELLE
24;Rue GUSTAVE DECHEZEAUX;17000;LA ROCHELLE
57;Rue GUSTAVE FLOURENS;17000;LA ROCHELLE
2;Rue GUSTAVE PERREAU;17000;LA ROCHELLE
27;Rue GUSTAVE PERREAU;17000;LA ROCHELLE
6;Square GUSTAVE PERREAU;17000;LA ROCHELLE
1 BIS;Rue GUYNEMER;17000;LA ROCHELLE
46;Rue DES HALLES;17000;LA ROCHELLE
24;Rue DES HALLES;17000;LA ROCHELLE
7;Avenue HELSINKI;17000;LA ROCHELLE
4;Rue HENRI BASSE;17000;LA ROCHELLE
16;Rue HENRI BASSE;17000;LA ROCHELLE
16 TER;Rue HENRI CRESPIN;17000;LA ROCHELLE
16 BIS;Rue HENRI CRESPIN;17000;LA ROCHELLE
16 TER;Rue HENRI CRESPIN;17000;LA ROCHELLE
27;Rue HENRI DESGRANGES;17000;LA ROCHELLE
55;Avenue HENRI HAUTIER;17000;LA ROCHELLE
59;Avenue HENRI HAUTIER;17000;LA ROCHELLE
59;Avenue HENRI HAUTIER;17000;LA ROCHELLE
55;Avenue HENRI HAUTIER;17000;LA ROCHELLE
55;Avenue HENRI HAUTIER;17000;LA ROCHELLE
32;Rue HENRI REGNAULT;17000;LA ROCHELLE
37;Rue HENRI ROCHEFORT;17000;LA ROCHELLE
11;Rue HENRI IV;17000;LA ROCHELLE
8;Rue HERAULT DE SECHELLES;17000;LA ROCHELLE
6;Rue HERAULT DE SECHELLES;17000;LA ROCHELLE
8;Rue HERAULT DE SECHELLES;17000;LA ROCHELLE
8;Rue HERAULT DE SECHELLES;17000;LA ROCHELLE
4;Rue HERAULT DE SECHELLES;17000;LA ROCHELLE
8;Rue HERAULT DE SECHELLES;17000;LA ROCHELLE
4;Rue HERAULT DE SECHELLES;17000;LA ROCHELLE
2;Rue HERAULT DE SECHELLES;17000;LA ROCHELLE
15;Rue DE L'HERMIONE;17000;LA ROCHELLE
8;Rue HONORE DE BALZAC;17000;LA ROCHELLE
21;Rue DE L'INFANTERIE;17000;LA ROCHELLE
18;Rue DE L'INFANTERIE;17000;LA ROCHELLE
16;Rue DE L'INFANTERIE;17000;LA ROCHELLE
26 TER;Rue JACQUES CHARLES;17000;LA ROCHELLE
14 D;Rue JACQUES CHARLES;17000;LA ROCHELLE
45;Rue JACQUES HENRY;17000;LA ROCHELLE
45;Rue JACQUES HENRY;17000;LA ROCHELLE
33;Rue JACQUES HENRY;17000;LA ROCHELLE
10;Rue JACQUES MONOD;17000;LA ROCHELLE
10;Rue JACQUES MONOD;17000;LA ROCHELLE
12;Rue JACQUES MONOD;17000;LA ROCHELLE
8;Rue JACQUES MONOD;17000;LA ROCHELLE
4;Rue JACQUES MONOD;17000;LA ROCHELLE
4;Rue JACQUES MONOD;17000;LA ROCHELLE
6;Rue JACQUES MONOD;17000;LA ROCHELLE
6;Rue JEAN BAPTISTE CARPEAUX;17000;LA ROCHELLE
4;Rue JEAN BAPTISTE CARPEAUX;17000;LA ROCHELLE
4;Rue JEAN BAPTISTE CARPEAUX;17000;LA ROCHELLE
2;Rue JEAN BAPTISTE CARPEAUX;17000;LA ROCHELLE
;Impasse DES JARS;17000;LA ROCHELLE
81;Rue DES JARS;17000;LA ROCHELLE
19 BIS;Rue DES JARS;17000;LA ROCHELLE
110;Rue DES JARS;17000;LA ROCHELLE
65;Rue DES JARS;17000;LA ROCHELLE
1;Rue JEAN BAPTISTE GREUZE;17000;LA ROCHELLE
3;Rue JEAN BAPTISTE GREUZE;17000;LA ROCHELLE
3;Rue JEAN BAPTISTE SAY;17000;LA ROCHELLE
3;Rue JEAN BAPTISTE SAY;17000;LA ROCHELLE
3;Rue JEAN BAPTISTE SAY;17000;LA ROCHELLE
3;Rue JEAN BAPTISTE SAY;17000;LA ROCHELLE
30;Rue JEAN BOUCHE;17000;LA ROCHELLE
12;Rue JEAN BOUCHE;17000;LA ROCHELLE
24;Rue JEAN EFFEL;17000;LA ROCHELLE
24;Rue JEAN EFFEL;17000;LA ROCHELLE
24;Rue JEAN EFFEL;17000;LA ROCHELLE
6;Rue JEAN FRANCOIS CHALGRIN;17000;LA ROCHELLE
4;Rue JEAN GIONO;17000;LA ROCHELLE
70;Rue JEAN GODEFROY;17000;LA ROCHELLE
243;Avenue JEAN GUITON;17000;LA ROCHELLE
164;Avenue JEAN GUITON;17000;LA ROCHELLE
28;Avenue JEAN GUITON;17000;LA ROCHELLE
169;Avenue JEAN GUITON;17000;LA ROCHELLE
255 BIS;Avenue JEAN GUITON;17000;LA ROCHELLE
275;Avenue JEAN GUITON;17000;LA ROCHELLE
278;Avenue JEAN GUITON;17000;LA ROCHELLE
28;Avenue JEAN GUITON;17000;LA ROCHELLE
28;Avenue JEAN GUITON;17000;LA ROCHELLE
259;Avenue JEAN GUITON;17000;LA ROCHELLE
273;Avenue JEAN GUITON;17000;LA ROCHELLE
170;Avenue JEAN GUITON;17000;LA ROCHELLE
34;Avenue JEAN GUITON;17000;LA ROCHELLE
13;Rue JEAN HAY;17000;LA ROCHELLE
23;Rue JEAN HAY;17000;LA ROCHELLE
4;Rue JEAN HAY;17000;LA ROCHELLE
7;Rue JEAN HAY;17000;LA ROCHELLE
2;Rue JEAN HONORE FRAGONARD;17000;LA ROCHELLE
2;Rue JEAN HONORE FRAGONARD;17000;LA ROCHELLE
2;Rue JEAN HONORE FRAGONARD;17000;LA ROCHELLE
40;Rue JEAN JACQUES ROUSSEAU;17000;LA ROCHELLE
44;Rue JEAN JACQUES ROUSSEAU;17000;LA ROCHELLE
17;Rue JEAN JACQUES ROUSSEAU;17000;LA ROCHELLE
14;Rue JEAN MERMOZ;17000;LA ROCHELLE
4;Rue JEAN PIERRE BLANCHARD;17000;LA ROCHELLE
6;Rue JEAN PIERRE BLANCHARD;17000;LA ROCHELLE
10;Rue JEAN PIERRE BLANCHARD;17000;LA ROCHELLE
58;Rue JEANNE D'ALBRET;17000;LA ROCHELLE
14;Rue JEANNE D'ALBRET;17000;LA ROCHELLE
14;Rue JEANNE D'ALBRET;17000;LA ROCHELLE
2;Rue JEANNE JUGAN;17000;LA ROCHELLE
9;Impasse DE JERICHO;17000;LA ROCHELLE
17;Rue DE JERICHO;17000;LA ROCHELLE
4;Rue DE JERICHO;17000;LA ROCHELLE
164;Boulevard JOFFRE;17000;LA ROCHELLE
118;Boulevard JOFFRE;17000;LA ROCHELLE
4;Rue DE LA JOLIETTE;17000;LA ROCHELLE
5;Rue DES JONCS;17000;LA ROCHELLE
1 BIS;Rue JOURDAN;17000;LA ROCHELLE
52;Rue JOURDAN;17000;LA ROCHELLE
13;Rue JULES CHERET;17000;LA ROCHELLE
3;Rue JULES CHERET;17000;LA ROCHELLE
9;Rue JULES CHERET;17000;LA ROCHELLE
11;Rue JULES CHERET;17000;LA ROCHELLE
11;Rue JULES CHERET;17000;LA ROCHELLE
13;Rue JULES CHERET;17000;LA ROCHELLE
7;Rue JULES CHERET;17000;LA ROCHELLE
3;Rue JULES CHERET;17000;LA ROCHELLE
52;Rue JULES DALOU;17000;LA ROCHELLE
19;Rue JULES DALOU;17000;LA ROCHELLE
3;Rue JULES FERRY;17000;LA ROCHELLE
35;Rue JULES SIEGFRIED;17000;LA ROCHELLE
10;Rue JULES SIEGFRIED;17000;LA ROCHELLE
18;Rue JULES SIEGFRIED;17000;LA ROCHELLE
7;Rue JULES VALLES;17000;LA ROCHELLE
31;Rue LA NOUE;17000;LA ROCHELLE
31;Rue LA NOUE;17000;LA ROCHELLE
31;Rue LA NOUE;17000;LA ROCHELLE
4;Rue LACLOS;17000;LA ROCHELLE
4;Rue LACLOS;17000;LA ROCHELLE
4;Rue LACLOS;17000;LA ROCHELLE
9;Rue LAFAYETTE;17000;LA ROCHELLE
23;Rue LALO;17000;LA ROCHELLE
5 BIS;Rue LAMARTINE;17000;LA ROCHELLE
4;Rue LAMENNAIS;17000;LA ROCHELLE
8 BIS;Rue DE LA ROCHELLE;17000;LA ROCHELLE
3;Rue LA PEROUSE;17000;LA ROCHELLE
6;Rue LA PEROUSE;17000;LA ROCHELLE
6;Rue LA PEROUSE;17000;LA ROCHELLE
47;Avenue DU LAZARET;17000;LA ROCHELLE
15;Avenue DU LAZARET;17000;LA ROCHELLE
17;Avenue DU LAZARET;17000;LA ROCHELLE
7;Avenue DU LAZARET;17000;LA ROCHELLE
5;Avenue DU LAZARET;17000;LA ROCHELLE
5;Rue LEDRU ROLLIN;17000;LA ROCHELLE
9;Rue LEDRU ROLLIN;17000;LA ROCHELLE
3;Rue LEDRU ROLLIN;17000;LA ROCHELLE
3;Rue LEDRU ROLLIN;17000;LA ROCHELLE
5;Rue LEDRU ROLLIN;17000;LA ROCHELLE
9;Rue LEDRU ROLLIN;17000;LA ROCHELLE
10;Rue LEDRU ROLLIN;17000;LA ROCHELLE
1;Rue LEDRU ROLLIN;17000;LA ROCHELLE
9;Rue LEDRU ROLLIN;17000;LA ROCHELLE
3;Rue LEDRU ROLLIN;17000;LA ROCHELLE
3;Rue LEDRU ROLLIN;17000;LA ROCHELLE
7;Rue LEDRU ROLLIN;17000;LA ROCHELLE
9;Rue LEDRU ROLLIN;17000;LA ROCHELLE
3;Rue LEDRU ROLLIN;17000;LA ROCHELLE
11;Rue LEDRU ROLLIN;17000;LA ROCHELLE
24;Rue LEDRU ROLLIN;17000;LA ROCHELLE
2;Rue LEDRU ROLLIN;17000;LA ROCHELLE
3;Rue LEDRU ROLLIN;17000;LA ROCHELLE
3;Rue LEDRU ROLLIN;17000;LA ROCHELLE
9;Rue LEFEBVRE;17000;LA ROCHELLE
9;Rue LEFEBVRE;17000;LA ROCHELLE
14;Rue LEFEBVRE;17000;LA ROCHELLE
4;Rue LE LORRAIN;17000;LA ROCHELLE
4;Rue LE LORRAIN;17000;LA ROCHELLE
2;Rue LE MOYNE D'IBERVILLE;17000;LA ROCHELLE
4;Rue LE MOYNE D'IBERVILLE;17000;LA ROCHELLE
34;Rue LE MOYNE D'IBERVILLE;17000;LA ROCHELLE
15;Rue LEO LAGRANGE;17000;LA ROCHELLE
8;Rue LEO LAGRANGE;17000;LA ROCHELLE
4;Rue LEON JOUHAUX;17000;LA ROCHELLE
4;Rue LEON JOUHAUX;17000;LA ROCHELLE
14;Rue LEONCE MAILHO;17000;LA ROCHELLE
10;Rue LEONCE VIELJEUX;17000;LA ROCHELLE
12 BIS;Rue LEONCE VIELJEUX;17000;LA ROCHELLE
5;Rue LEONCE VIELJEUX;17000;LA ROCHELLE
33;Avenue LEOPOLD ROBINET;17000;LA ROCHELLE
46;Avenue LEOPOLD ROBINET;17000;LA ROCHELLE
26 BIS;Rue DE L'HOUMEAU;17000;LA ROCHELLE
145;Avenue DU LIEUTENANT COLONEL BERNIE;17000;LA ROCHELLE
135 BIS;Avenue DU LIEUTENANT COLONEL BERNIE;17000;LA ROCHELLE
149;Avenue DU LIEUTENANT COLONEL BERNIE;17000;LA ROCHELLE
182 BIS;Avenue DU LIEUTENANT COLONEL BERNIE;17000;LA ROCHELLE
77 BIS;Avenue DU LIEUTENANT COLONEL BERNIE;17000;LA ROCHELLE
20;Rue DU LIGNON;17000;LA ROCHELLE
41;Rue DU LIGNON;17000;LA ROCHELLE
48;Rue DU LIGNON;17000;LA ROCHELLE
32;Rue LOUIS BLANC;17000;LA ROCHELLE
7;Avenue LOUIS GUILLET;17000;LA ROCHELLE
11;Avenue LOUIS GUILLET;17000;LA ROCHELLE
5;Avenue LOUIS GUILLET;17000;LA ROCHELLE
7 BIS;Avenue LOUIS GUILLET;17000;LA ROCHELLE
5;Avenue LOUIS GUILLET;17000;LA ROCHELLE
7 BIS;Avenue LOUIS GUILLET;17000;LA ROCHELLE
5 BIS;Avenue LOUIS GUILLET;17000;LA ROCHELLE
3;Avenue LOUIS GUILLET;17000;LA ROCHELLE
5;Avenue LOUIS GUILLET;17000;LA ROCHELLE
1;Avenue LOUIS GUILLET;17000;LA ROCHELLE
11;Avenue LOUIS GUILLET;17000;LA ROCHELLE
1 BIS;Avenue LOUIS GUILLET;17000;LA ROCHELLE
7 bis;Avenue LOUIS GUILLET;17000;LA ROCHELLE
78;Rue LUCILE;17000;LA ROCHELLE
21;Rue LUCILE;17000;LA ROCHELLE
1;Rue LUCILE;17000;LA ROCHELLE
30;Avenue DE LUXEMBOURG;17000;LA ROCHELLE
30;Avenue DE LUXEMBOURG;17000;LA ROCHELLE
14;Avenue DE LUXEMBOURG;17000;LA ROCHELLE
2;Avenue DE LUXEMBOURG;17000;LA ROCHELLE
38;Avenue DE LUXEMBOURG;17000;LA ROCHELLE
30;Avenue DE LUXEMBOURG;17000;LA ROCHELLE
14;Avenue DE LUXEMBOURG;17000;LA ROCHELLE
16;Avenue DE LUXEMBOURG;17000;LA ROCHELLE
38;Avenue DE LUXEMBOURG;17000;LA ROCHELLE
17;Rue DU LYONNAIS;17000;LA ROCHELLE
17;Rue DU LYONNAIS;17000;LA ROCHELLE
76;Allée Montante DU MAIL (montante);17000;LA ROCHELLE
10;Rue DU MARAIS;17000;LA ROCHELLE
6;Quai DE MARANS;17000;LA ROCHELLE
4;Rue MARC SEGUIN;17000;LA ROCHELLE
10;Rue MARCEAU;17000;LA ROCHELLE
17;Rue MARCEL PAGNOL;17000;LA ROCHELLE
33;Rue MARCEL PAGNOL;17000;LA ROCHELLE
33;Rue MARCEL PAGNOL;17000;LA ROCHELLE
15;Rue DE LA MARCHE;17000;LA ROCHELLE
15;Rue DE LA MARCHE;17000;LA ROCHELLE
54;Rue MARE A LA BESSE;17000;LA ROCHELLE
52;Rue MARE A LA BESSE;17000;LA ROCHELLE
23;Avenue MARECHAL JUIN;17000;LA ROCHELLE
23;Avenue MARECHAL JUIN;17000;LA ROCHELLE
23;Avenue MARECHAL JUIN;17000;LA ROCHELLE
23;Avenue MARECHAL JUIN;17000;LA ROCHELLE
;Avenue MARECHAL JUIN;17000;LA ROCHELLE
;Avenue MARECHAL JUIN;17000;LA ROCHELLE
8;Avenue MARECHAL JUIN;17000;LA ROCHELLE
8;Avenue MARECHAL JUIN;17000;LA ROCHELLE
18;Avenue MARECHAL JUIN;17000;LA ROCHELLE
28;Allée MARECHAL DE LATTRE;17000;LA ROCHELLE
28;Allée MARECHAL DE LATTRE;17000;LA ROCHELLE
30;Boulevard MARECHAL LYAUTEY;17000;LA ROCHELLE
30;Boulevard MARECHAL LYAUTEY;17000;LA ROCHELLE
30;Boulevard MARECHAL LYAUTEY;17000;LA ROCHELLE
31;Boulevard MARECHAL LYAUTEY;17000;LA ROCHELLE
10;Impasse DU MARGAT;17000;LA ROCHELLE
35;Rue DU MARGAT;17000;LA ROCHELLE
35;Rue DU MARGAT;17000;LA ROCHELLE
2;Rue MARIE GALANTE;17000;LA ROCHELLE
4;Rue MARIE GALANTE;17000;LA ROCHELLE
275;Avenue MARILLAC;17000;LA ROCHELLE
84;Rue MARIUS LACROIX;17000;LA ROCHELLE
8;Rue MARIUS LACROIX;17000;LA ROCHELLE
166;Rue MARIUS LACROIX;17000;LA ROCHELLE
56;Rue MARIUS LACROIX;17000;LA ROCHELLE
158;Rue MARIUS LACROIX;17000;LA ROCHELLE
165;Rue MARIUS LACROIX;17000;LA ROCHELLE
29;Rue MARIUS LACROIX;17000;LA ROCHELLE
119;Rue MARIUS LACROIX;17000;LA ROCHELLE
86 TER;Rue MARIUS LACROIX;17000;LA ROCHELLE
15;Rue MASSENET;17000;LA ROCHELLE
16 BIS;Rue DES MATHIAS;17000;LA ROCHELLE
20;Rue DES MATHIAS;17000;LA ROCHELLE
16;Rue DES MATHIAS;17000;LA ROCHELLE
4;Rue MAURICE DE VLAMINCK;17000;LA ROCHELLE
64;Rue DES MERCIERS;17000;LA ROCHELLE
64;Rue DES MERCIERS;17000;LA ROCHELLE
17BIS;Rue DES MERCIERS;17000;LA ROCHELLE
17BIS;Rue DES MERCIERS;17000;LA ROCHELLE
8;Rue DES MERCIERS;17000;LA ROCHELLE
29;Rue DES MERCIERS;17000;LA ROCHELLE
38;Rue DES MERCIERS;17000;LA ROCHELLE
12;Rue DES MERCIERS;17000;LA ROCHELLE
2;Rue MERVAULT;17000;LA ROCHELLE
38;Rue MESCHINET DE RICHEMOND;17000;LA ROCHELLE
30;Avenue DE METZ;17000;LA ROCHELLE
7;Avenue DE METZ;17000;LA ROCHELLE
12;Rue MICHELET;17000;LA ROCHELLE
20;Rue MICHELET;17000;LA ROCHELLE
;Avenue DES MINIMES;17000;LA ROCHELLE
11;Rue MIRABEAU;17000;LA ROCHELLE
11;Rue MIRABEAU;17000;LA ROCHELLE
;Rue MIRABEAU;17000;LA ROCHELLE
1;Rue MIRABEAU;17000;LA ROCHELLE
1;Rue MIRABEAU;17000;LA ROCHELLE
3;Rue MIRABEAU;17000;LA ROCHELLE
3;Rue MIRABEAU;17000;LA ROCHELLE
11;Rue MIRABEAU;17000;LA ROCHELLE
9;Rue MIRABEAU;17000;LA ROCHELLE
6;Rue MIRABEAU;17000;LA ROCHELLE
5;Rue MIRABEAU;17000;LA ROCHELLE
11;Rue MIRABEAU;17000;LA ROCHELLE
1;Rue MIRABEAU;17000;LA ROCHELLE
5;Allée DE LA MISAINE;17000;LA ROCHELLE
34;Rue DE MISSY;17000;LA ROCHELLE
4;Rue DE MISSY;17000;LA ROCHELLE
1;Rue MOLIERE;17000;LA ROCHELLE
1;Rue DE LA MONNAIE;17000;LA ROCHELLE
1;Rue DE LA MONNAIE;17000;LA ROCHELLE
1;Rue DE LA MONNAIE;17000;LA ROCHELLE
1;Rue DE LA MONNAIE;17000;LA ROCHELLE
13;Rue MONTAIGNE;17000;LA ROCHELLE
66;Rue MONTMIRAIL;17000;LA ROCHELLE
45;Rue MONTMIRAIL;17000;LA ROCHELLE
29;Rue MONTMIRAIL;17000;LA ROCHELLE
29;Rue MONTMIRAIL;17000;LA ROCHELLE
5 BIS;Rue MONTMIRAIL;17000;LA ROCHELLE
15;Rue MONTMIRAIL;17000;LA ROCHELLE
4;Avenue DE MOSCOU;17000;LA ROCHELLE
10;Avenue DE MOSCOU;17000;LA ROCHELLE
6;Avenue DE MOSCOU;17000;LA ROCHELLE
6;Avenue DE MOSCOU;17000;LA ROCHELLE
10;Avenue DE MOSCOU;17000;LA ROCHELLE
4;Avenue DE MOSCOU;17000;LA ROCHELLE
4;Avenue DE MOSCOU;17000;LA ROCHELLE
8;Avenue DE MOSCOU;17000;LA ROCHELLE
8;Avenue DE MOSCOU;17000;LA ROCHELLE
8;Avenue DE MOSCOU;17000;LA ROCHELLE
34;Rue MOULIN D'AMOUR;17000;LA ROCHELLE
13;Impasse DU MOULIN D'AMOUR;17000;LA ROCHELLE
5;Rue DU MOULIN DE BEL AIR;17000;LA ROCHELLE
12;Square MOULIN DE LA FREIZILLERE;17000;LA ROCHELLE
60 BIS;Rue MOULIN DE LA MOZAY;17000;LA ROCHELLE
45;Rue MOULIN DE LA MOZAY;17000;LA ROCHELLE
45;Rue MOULIN DE LA MOZAY;17000;LA ROCHELLE
68;Rue MOULIN DE LA MOZAY;17000;LA ROCHELLE
41;Rue DU MOULIN ROUGE;17000;LA ROCHELLE
25;Rue DE LA MOULINETTE;17000;LA ROCHELLE
9;Rue DES MURAILLES;17000;LA ROCHELLE
113;Rue DE LA MUSE;17000;LA ROCHELLE
11 BIS;Rue DE LA MUSE;17000;LA ROCHELLE
42;Rue DE LA MUSE;17000;LA ROCHELLE
54;Rue DE LA MUSE;17000;LA ROCHELLE
46;Rue DE LA MUSE;17000;LA ROCHELLE
119;Rue DE LA MUSE;17000;LA ROCHELLE
7;Rue DES MYOSOTIS;17000;LA ROCHELLE
1;Rue DES MYOSOTIS;17000;LA ROCHELLE
52;Rue NEW ROCHELLE;17000;LA ROCHELLE
18;Place NEW ROCHELLE;17000;LA ROCHELLE
3;Rue NIAMEY;17000;LA ROCHELLE
7;Rue NICOLAS COUSTOU;17000;LA ROCHELLE
7;Rue NICOLAS COUSTOU;17000;LA ROCHELLE
7;Rue NICOLAS COUSTOU;17000;LA ROCHELLE
36;Rue NICOLAS DENYS;17000;LA ROCHELLE
21;Rue DU NIGER;17000;LA ROCHELLE
13;Rue DE NORMANDIE;17000;LA ROCHELLE
25;Rue DE NORVEGE;17000;LA ROCHELLE
1;Rue DE NORVEGE;17000;LA ROCHELLE
1;Rue DE NORVEGE;17000;LA ROCHELLE
18;Rue DE NORVEGE;17000;LA ROCHELLE
22;Rue DE NORVEGE;17000;LA ROCHELLE
8;Rue NOTRE DAME;17000;LA ROCHELLE
8;Rue NOTRE DAME;17000;LA ROCHELLE
20;Rue NUNGESSER ET COLI;17000;LA ROCHELLE
20;Rue NUNGESSER ET COLI;17000;LA ROCHELLE
4;Rue Pespective de l'Océan;17000;LA ROCHELLE
1;Rue Pespective de l'Océan;17000;LA ROCHELLE
1;Rue Pespective de l'Océan;17000;LA ROCHELLE
4;Rue Pespective de l'Océan;17000;LA ROCHELLE
2;Rue Pespective de l'Océan;17000;LA ROCHELLE
1;Rue Pespective de l'Océan;17000;LA ROCHELLE
12 TER;Rue DE L'OISE;17000;LA ROCHELLE
5;Rue DE L'ORLEANAIS;17000;LA ROCHELLE
2;Avenue D'OSLO;17000;LA ROCHELLE
2;Avenue D'OSLO;17000;LA ROCHELLE
2;Avenue D'OSLO;17000;LA ROCHELLE
2;Avenue D'OSLO;17000;LA ROCHELLE
12;Avenue D'OSLO;17000;LA ROCHELLE
17;Avenue D'OSLO;17000;LA ROCHELLE
2 BIS;Rue DE L'OUVRAGE A CORNES;17000;LA ROCHELLE
45;Rue DU PALAIS;17000;LA ROCHELLE
45;Rue DU PALAIS;17000;LA ROCHELLE
17;Rue DU PARC;17000;LA ROCHELLE
17;Rue DU PARC;17000;LA ROCHELLE
;Esplanade DES PARCS;17000;LA ROCHELLE
24;Avenue DE PARIS;17000;LA ROCHELLE
32;Avenue DE PARIS;17000;LA ROCHELLE
20;Avenue DE PARIS;17000;LA ROCHELLE
40;Avenue DE PARIS;17000;LA ROCHELLE
38;Avenue DE PARIS;17000;LA ROCHELLE
30;Avenue DE PARIS;17000;LA ROCHELLE
20;Avenue DE PARIS;17000;LA ROCHELLE
20;Avenue DE PARIS;17000;LA ROCHELLE
40;Avenue DE PARIS;17000;LA ROCHELLE
38;Avenue DE PARIS;17000;LA ROCHELLE
30;Avenue DE PARIS;17000;LA ROCHELLE
34;Avenue DE PARIS;17000;LA ROCHELLE
24;Avenue DE PARIS;17000;LA ROCHELLE
36;Avenue DE PARIS;17000;LA ROCHELLE
32;Avenue DE PARIS;17000;LA ROCHELLE
20;Avenue DE PARIS;17000;LA ROCHELLE
36;Avenue DE PARIS;17000;LA ROCHELLE
20;Avenue DE PARIS;17000;LA ROCHELLE
13;Rue PAS DU MINAGE;17000;LA ROCHELLE
27;Rue DE PASSY;17000;LA ROCHELLE
23;Rue PASTEUR;17000;LA ROCHELLE
13;Rue DU PARADIS;17000;LA ROCHELLE
25;Rue PAUL GARREAU;17000;LA ROCHELLE
13;Rue PAUL GARREAU;17000;LA ROCHELLE
13;Rue PAUL GARREAU;17000;LA ROCHELLE
13;Rue PAUL GARREAU;17000;LA ROCHELLE
10;Rue PAUL SABATIER;17000;LA ROCHELLE
6;Rue PAUL VALERY;17000;LA ROCHELLE
26;Rue PAUL YVON;17000;LA ROCHELLE
26;Rue PAUL YVON;17000;LA ROCHELLE
4;Impasse DE LA PEPINIERE;17000;LA ROCHELLE
7 bis;Impasse DE LA PEPINIERE;17000;LA ROCHELLE
32;Rue DE LA PEPINIERE;17000;LA ROCHELLE
2;Allée DU PERE SAINT HELIER;17000;LA ROCHELLE
2;Allée DU PERE SAINT HELIER;17000;LA ROCHELLE
169;Rue DE PERIGNY;17000;LA ROCHELLE
165;Rue DE PERIGNY;17000;LA ROCHELLE
169;Rue DE PERIGNY;17000;LA ROCHELLE
1;Allée DU PERIGORD;17000;LA ROCHELLE
1;Allée DU PERIGORD;17000;LA ROCHELLE
5;Allée DU PERIGORD;17000;LA ROCHELLE
3;Allée DU PERIGORD;17000;LA ROCHELLE
3;Allée DU PERIGORD;17000;LA ROCHELLE
3;Allée DU PERIGORD;17000;LA ROCHELLE
3;Allée DU PERIGORD;17000;LA ROCHELLE
5;Allée DU PERIGORD;17000;LA ROCHELLE
3;Allée DU PERIGORD;17000;LA ROCHELLE
3;Allée DU PERIGORD;17000;LA ROCHELLE
4;Rue DU PETIT MARSEILLE;17000;LA ROCHELLE
1;Rue DES PEUPLIERS;17000;LA ROCHELLE
1;Rue DES PEUPLIERS;17000;LA ROCHELLE
20;Rue PHILIPPE HARLE;17000;LA ROCHELLE
25;Rue PHILIPPE VINCENT;17000;LA ROCHELLE
52;Rue PHILIPPE VINCENT;17000;LA ROCHELLE
41;Rue PIERRE JOSEPH PROUDHON;17000;LA ROCHELLE
47;Rue PIERRE JOSEPH PROUDHON;17000;LA ROCHELLE
47;Rue PIERRE JOSEPH PROUDHON;17000;LA ROCHELLE
43;Rue PIERRE JOSEPH PROUDHON;17000;LA ROCHELLE
47;Rue PIERRE JOSEPH PROUDHON;17000;LA ROCHELLE
47;Rue PIERRE JOSEPH PROUDHON;17000;LA ROCHELLE
9;Rue PIERRE JOSEPH PROUDHON;17000;LA ROCHELLE
41;Rue PIERRE JOSEPH PROUDHON;17000;LA ROCHELLE
47;Rue PIERRE JOSEPH PROUDHON;17000;LA ROCHELLE
47;Rue PIERRE JOSEPH PROUDHON;17000;LA ROCHELLE
25;Rue PIERRE CORNEILLE;17000;LA ROCHELLE
67;Rue PIERRE CORNEILLE;17000;LA ROCHELLE
36;Rue PIERRE CORNEILLE;17000;LA ROCHELLE
56;Rue PIERRE CORNEILLE;17000;LA ROCHELLE
64;Rue PIERRE CORNEILLE;17000;LA ROCHELLE
59;Rue PIERRE CORNEILLE;17000;LA ROCHELLE
30;Avenue PIERRE DE COUBERTIN;17000;LA ROCHELLE
28;Rue PIERRE ET MARIE CURIE;17000;LA ROCHELLE
3;Rue PIERRE ET MARIE CURIE;17000;LA ROCHELLE
1;Rue PIERRE ET MARIE CURIE;17000;LA ROCHELLE
26;Rue PIERRE ET MARIE CURIE;17000;LA ROCHELLE
6;Rue PIERRE LESCOT;17000;LA ROCHELLE
2;Rue PIERRE LESCOT;17000;LA ROCHELLE
17;Rue MARQUIS PIERRE SIMON LAPLACE;17000;LA ROCHELLE
17;Rue MARQUIS PIERRE SIMON LAPLACE;17000;LA ROCHELLE
29B;Rue PILATRE DE ROZIER;17000;LA ROCHELLE
10;Square DES PIVERTS;17000;LA ROCHELLE
10;Square DES PIVERTS;17000;LA ROCHELLE
10;Square DES PIVERTS;17000;LA ROCHELLE
16;Square DES PIVERTS;17000;LA ROCHELLE
16;Square DES PIVERTS;17000;LA ROCHELLE
1;Impasse DES POISSONS;17000;LA ROCHELLE
17;Square DU POITOU;17000;LA ROCHELLE
20;Rue DU PONT DES SALINES;17000;LA ROCHELLE
5;Rue DE LA PORTE NEUVE;17000;LA ROCHELLE
5;Avenue DE LA PORTE ROYALE;17000;LA ROCHELLE
21;Rue DES PORTREAUX;17000;LA ROCHELLE
3;Rue DU PRADO;17000;LA ROCHELLE
3;Rue DU PRADO;17000;LA ROCHELLE
10;Avenue DE PRAGUE;17000;LA ROCHELLE
8;Avenue DE PRAGUE;17000;LA ROCHELLE
8;Avenue DE PRAGUE;17000;LA ROCHELLE
10;Avenue DE PRAGUE;17000;LA ROCHELLE
29;Rue PRESIDENT ALLENDE;17000;LA ROCHELLE
29;Rue PRESIDENT ALLENDE;17000;LA ROCHELLE
24;Rue PRESIDENT ALLENDE;17000;LA ROCHELLE
24;Rue PRESIDENT ALLENDE;17000;LA ROCHELLE
6;Avenue PDT J F KENNEDY;17000;LA ROCHELLE
14;Avenue PDT J F KENNEDY;17000;LA ROCHELLE
;Avenue PDT J F KENNEDY;17000;LA ROCHELLE
12;Rue DE PROVENCE;17000;LA ROCHELLE
17;Avenue DU QUATORZE JUILLET;17000;LA ROCHELLE
9;Avenue DU QUATORZE JUILLET;17000;LA ROCHELLE
3;Avenue DU QUATORZE JUILLET;17000;LA ROCHELLE
1;Avenue DU QUATORZE JUILLET;17000;LA ROCHELLE
17;Avenue DU QUATORZE JUILLET;17000;LA ROCHELLE
23;Avenue DU QUATORZE JUILLET;17000;LA ROCHELLE
23;Avenue DU QUATORZE JUILLET;17000;LA ROCHELLE
3;Avenue DU QUATORZE JUILLET;17000;LA ROCHELLE
17;Avenue DU QUATORZE JUILLET;17000;LA ROCHELLE
3;Avenue DU QUATORZE JUILLET;17000;LA ROCHELLE
1;Avenue DU QUATORZE JUILLET;17000;LA ROCHELLE
13;Avenue DU QUATORZE JUILLET;17000;LA ROCHELLE
19;Avenue DU QUATORZE JUILLET;17000;LA ROCHELLE
;Avenue DU QUATORZE JUILLET;17000;LA ROCHELLE
14;Avenue DU QUATORZE JUILLET;17000;LA ROCHELLE
1;Avenue DU QUATORZE JUILLET;17000;LA ROCHELLE
13;Avenue DU QUATORZE JUILLET;17000;LA ROCHELLE
3;Avenue DU QUATORZE JUILLET;17000;LA ROCHELLE
5;Avenue DU QUATORZE JUILLET;17000;LA ROCHELLE
19;Avenue DU QUATORZE JUILLET;17000;LA ROCHELLE
5;Avenue DU QUATORZE JUILLET;17000;LA ROCHELLE
1;Avenue DU QUATORZE JUILLET;17000;LA ROCHELLE
17;Avenue DU QUATORZE JUILLET;17000;LA ROCHELLE
62;Rue DE QUATREFAGES;17000;LA ROCHELLE
13;Rue DE QUEBEC;17000;LA ROCHELLE
5;Allée DU QUERCY;17000;LA ROCHELLE
5;Allée DU QUERCY;17000;LA ROCHELLE
5;Allée DU QUERCY;17000;LA ROCHELLE
1;Allée DU QUERCY;17000;LA ROCHELLE
5;Allée DU QUERCY;17000;LA ROCHELLE
3;Allée DU QUERCY;17000;LA ROCHELLE
3;Allée DU QUERCY;17000;LA ROCHELLE
5;Allée DU QUERCY;17000;LA ROCHELLE
3;Rue QUANTIN DE LA TOUR;17000;LA ROCHELLE
2;Rue QUANTIN DE LA TOUR;17000;LA ROCHELLE
1;Rue QUANTIN DE LA TOUR;17000;LA ROCHELLE
1;Rue QUANTIN DE LA TOUR;17000;LA ROCHELLE
3;Rue QUANTIN DE LA TOUR;17000;LA ROCHELLE
12;Rue RAMBAUD;17000;LA ROCHELLE
8;Rue RAMBAUD;17000;LA ROCHELLE
3;Rue RAYMOND BADIER;17000;LA ROCHELLE
1;Rue RAYMOND BADIER;17000;LA ROCHELLE
58;Avenue RAYMOND POINCARE;17000;LA ROCHELLE
341;Avenue RAYMOND POINCARE;17000;LA ROCHELLE
62;Avenue RAYMOND POINCARE;17000;LA ROCHELLE
28;Avenue RAYMOND POINCARE;17000;LA ROCHELLE
31;Avenue RAYMOND POINCARE;17000;LA ROCHELLE
52;Avenue RAYMOND POINCARE;17000;LA ROCHELLE
82;Avenue RAYMOND POINCARE;17000;LA ROCHELLE
40;Avenue RAYMOND POINCARE;17000;LA ROCHELLE
64;Avenue RAYMOND POINCARE;17000;LA ROCHELLE
72;Avenue RAYMOND POINCARE;17000;LA ROCHELLE
82;Avenue RAYMOND POINCARE;17000;LA ROCHELLE
345;Avenue RAYMOND POINCARE;17000;LA ROCHELLE
26;Avenue RAYMOND POINCARE;17000;LA ROCHELLE
26;Avenue RAYMOND POINCARE;17000;LA ROCHELLE
40;Avenue RAYMOND POINCARE;17000;LA ROCHELLE
32 BIS;Rue REAUMUR;17000;LA ROCHELLE
8;Rue REAUMUR;17000;LA ROCHELLE
5;Rue REAUMUR;17000;LA ROCHELLE
5;Chemin DES REMBLAIS;17000;LA ROCHELLE
43;Chemin DES REMBLAIS;17000;LA ROCHELLE
53;Rue REMPART DES VOILIERS;17000;LA ROCHELLE
53;Rue REMPART DES VOILIERS;17000;LA ROCHELLE
70;Rue REMPART DES VOILIERS;17000;LA ROCHELLE
69;Rue REMPART DES VOILIERS;17000;LA ROCHELLE
69;Rue REMPART DES VOILIERS;17000;LA ROCHELLE
35;Rue DU REMPART SAINT CLAUDE;17000;LA ROCHELLE
35;Rue DU REMPART SAINT CLAUDE;17000;LA ROCHELLE
4;Rue RENE CAILLE;17000;LA ROCHELLE
25;Avenue DE LA REPENTIE;17000;LA ROCHELLE
35;Avenue DE LA RESISTANCE;17000;LA ROCHELLE
11;Rue REYNALDO HAHN;17000;LA ROCHELLE
7;Rue DU RHONE;17000;LA ROCHELLE
15;Rue RICHELIEU;17000;LA ROCHELLE
10;Rue ROBERT DE COTTE;17000;LA ROCHELLE
12;Avenue ROBERT SCHUMAN;17000;LA ROCHELLE
12;Avenue ROBERT SCHUMAN;17000;LA ROCHELLE
10;Avenue ROBERT SCHUMAN;17000;LA ROCHELLE
16;Avenue ROBERT SCHUMAN;17000;LA ROCHELLE
14;Avenue ROBERT SCHUMAN;17000;LA ROCHELLE
12;Avenue ROBERT SCHUMAN;17000;LA ROCHELLE
12;Avenue ROBERT SCHUMAN;17000;LA ROCHELLE
16;Avenue ROBERT SCHUMAN;17000;LA ROCHELLE
16;Avenue ROBERT SCHUMAN;17000;LA ROCHELLE
44;Avenue ROBESPIERRE;17000;LA ROCHELLE
42;Avenue ROBESPIERRE;17000;LA ROCHELLE
42;Avenue ROBESPIERRE;17000;LA ROCHELLE
44;Avenue ROBESPIERRE;17000;LA ROCHELLE
61;Avenue ROBESPIERRE;17000;LA ROCHELLE
42;Avenue ROBESPIERRE;17000;LA ROCHELLE
48;Avenue ROBESPIERRE;17000;LA ROCHELLE
61;Avenue ROBESPIERRE;17000;LA ROCHELLE
48;Avenue ROBESPIERRE;17000;LA ROCHELLE
48;Avenue ROBESPIERRE;17000;LA ROCHELLE
73;Avenue ROBESPIERRE;17000;LA ROCHELLE
73;Avenue ROBESPIERRE;17000;LA ROCHELLE
32;Avenue ROBESPIERRE;17000;LA ROCHELLE
38;Avenue ROBESPIERRE;17000;LA ROCHELLE
48;Avenue ROBESPIERRE;17000;LA ROCHELLE
3;Rue ROCHAMBEAU;17000;LA ROCHELLE
3;Rue ROCHAMBEAU;17000;LA ROCHELLE
1;Rue ROCHAMBEAU;17000;LA ROCHELLE
3;Rue ROCHAMBEAU;17000;LA ROCHELLE
4;Rue DE ROCROI;17000;LA ROCHELLE
5;Rue ROMAIN ROLLAND;17000;LA ROCHELLE
126;Avenue DE ROMPSAY;17000;LA ROCHELLE
126;Avenue DE ROMPSAY;17000;LA ROCHELLE
122;Avenue DE ROMPSAY;17000;LA ROCHELLE
124;Avenue DE ROMPSAY;17000;LA ROCHELLE
110;Avenue DE ROMPSAY;17000;LA ROCHELLE
112;Avenue DE ROMPSAY;17000;LA ROCHELLE
122;Avenue DE ROMPSAY;17000;LA ROCHELLE
47;Avenue DE ROMPSAY;17000;LA ROCHELLE
61;Avenue DE ROMPSAY;17000;LA ROCHELLE
35;Avenue DE ROMPSAY;17000;LA ROCHELLE
18;Avenue DE ROMPSAY;17000;LA ROCHELLE
62 BIS;Avenue DE ROMPSAY;17000;LA ROCHELLE
5;Allée DU ROUERGUE;17000;LA ROCHELLE
5;Allée DU ROUERGUE;17000;LA ROCHELLE
;Allée DU ROUERGUE;17000;LA ROCHELLE
3;Allée DU ROUERGUE;17000;LA ROCHELLE
3;Allée DU ROUERGUE;17000;LA ROCHELLE
17;Rue DES ROSEAUX;17000;LA ROCHELLE
19;Rue DES ROSEAUX;17000;LA ROCHELLE
13;Rue DES ROSEAUX;17000;LA ROCHELLE
17;Rue DES ROSEAUX;17000;LA ROCHELLE
17;Rue DES ROSEAUX;17000;LA ROCHELLE
4;Rue DES ROSES;17000;LA ROCHELLE
64;Rue DES ROSES;17000;LA ROCHELLE
20;Rue DES ROSES;17000;LA ROCHELLE
;Rue DU ROUSSILLON;17000;LA ROCHELLE
7;Rue DU ROUSSILLON;17000;LA ROCHELLE
16;Rue DE ROYAN;17000;LA ROCHELLE
1;Rue DE ROYAN;17000;LA ROCHELLE
18;Rue DE ROYAN;17000;LA ROCHELLE
29;Chemin DES SABLONS;17000;LA ROCHELLE
1;Rue SAINT CLAUDE;17000;LA ROCHELLE
18;Rue SAINT CLAUDE;17000;LA ROCHELLE
57;Rue SAINT CLAUDE;17000;LA ROCHELLE
19;Rue SAINT DOMINIQUE;17000;LA ROCHELLE
;Esplanade SAINT JEAN D'ACRE;17000;LA ROCHELLE
44;Rue SAINT JEAN DU PEROT;17000;LA ROCHELLE
29;Rue SAINT JEAN DU PEROT;17000;LA ROCHELLE
21;Rue SAINT JUST;17000;LA ROCHELLE
20;Rue SAINT LEONARD;17000;LA ROCHELLE
32;Rue SAINT LEONARD;17000;LA ROCHELLE
5;Rue SAINT LO;17000;LA ROCHELLE
34;Rue SAINT LOUIS;17000;LA ROCHELLE
11;Rue SAINT MAURICE;17000;LA ROCHELLE
15;Rue SAINT YON;17000;LA ROCHELLE
15;Rue SAINT YON;17000;LA ROCHELLE
23;Rue DES SAINTES CLAIRES;17000;LA ROCHELLE
12;Rue DES SAINTS PERES;17000;LA ROCHELLE
12;Rue DES SAINTS PERES;17000;LA ROCHELLE
27;Rue DES SALINES;17000;LA ROCHELLE
26;Rue SARDINERIE;17000;LA ROCHELLE
7;Square DES SAUGES;17000;LA ROCHELLE
14 BIS;Rue DES SAUNIERS;17000;LA ROCHELLE
34;Rue DES SAUNIERS;17000;LA ROCHELLE
13;Rue DE LA SAUVAGERE;17000;LA ROCHELLE
13;Rue DE SAVOIE;17000;LA ROCHELLE
5;Square DE SAVOIE;17000;LA ROCHELLE
25;Square DE SAVOIE;17000;LA ROCHELLE
13;Rue DE LA SOLE;17000;LA ROCHELLE
14;Rue DE LA SOLE;17000;LA ROCHELLE
8;Rue DE LA SOLE;17000;LA ROCHELLE
10;Rue DE LA SOLE;17000;LA ROCHELLE
4;Rue DU SOLEIL LEVANT;17000;LA ROCHELLE
18;Rue SOLFERINO;17000;LA ROCHELLE
26;Rue DE LA SOMME;17000;LA ROCHELLE
29;Rue SOPHIE POIRIER;17000;LA ROCHELLE
29;Rue SOPHIE POIRIER;17000;LA ROCHELLE
36;Rue SOPHIE POIRIER;17000;LA ROCHELLE
20;Rue SOPHIE POIRIER;17000;LA ROCHELLE
3;Rue SOPHIE POIRIER;17000;LA ROCHELLE
29;Rue SOPHIE POIRIER;17000;LA ROCHELLE
4;Impasse SOULARD;17000;LA ROCHELLE
6;Impasse SOULARD;17000;LA ROCHELLE
8;Rue DES SPORTS;17000;LA ROCHELLE
37;Rue DES SPORTS;17000;LA ROCHELLE
37;Rue DES SPORTS;17000;LA ROCHELLE
7;Rue DU STADE;17000;LA ROCHELLE
28;Rue DU STADE;17000;LA ROCHELLE
40;Rue DU STADE;17000;LA ROCHELLE
31;Rue DE LA STATION;17000;LA ROCHELLE
31;Rue DE LA STATION;17000;LA ROCHELLE
4;Rue DE LA STATION;17000;LA ROCHELLE
26;Avenue DE STOCKHOLM;17000;LA ROCHELLE
53;Rue DE SUEDE;17000;LA ROCHELLE
11;Rue DE SUEDE;17000;LA ROCHELLE
53;Rue DE SUEDE;17000;LA ROCHELLE
13;Rue DE SUEDE;17000;LA ROCHELLE
53;Rue DE SUEDE;17000;LA ROCHELLE
22;Rue SUR LES MURS;17000;LA ROCHELLE
27;Rue DU TEMPLE;17000;LA ROCHELLE
18 BIS;Rue DES TEMPLIERS;17000;LA ROCHELLE
24;Rue DES TEMPLIERS;17000;LA ROCHELLE
2;Rue THEOPHILE BABUT;17000;LA ROCHELLE
6;Rue THEOPHILE BABUT;17000;LA ROCHELLE
36;Rue THEOPHILE BABUT;17000;LA ROCHELLE
2;Rue THEOPHILE BABUT;17000;LA ROCHELLE
9 ET 13;Rue THEOPHRASTE RENAUDOT;17000;LA ROCHELLE
34;Rue THEOPHRASTE RENAUDOT;17000;LA ROCHELLE
18;Rue THIERS;17000;LA ROCHELLE
26;Rue THIERS;17000;LA ROCHELLE
6;Rue THOMAS EDISON;17000;LA ROCHELLE
6;Rue THOMAS EDISON;17000;LA ROCHELLE
6;Avenue DE TIRANA;17000;LA ROCHELLE
25;Rue DU PROF ANDRE TOURNADE;17000;LA ROCHELLE
41;Rue DU PROF ANDRE TOURNADE;17000;LA ROCHELLE
41;Rue DU PROF ANDRE TOURNADE;17000;LA ROCHELLE
17;Rue DU PROF ANDRE TOURNADE;17000;LA ROCHELLE
43;Rue DU PROF ANDRE TOURNADE;17000;LA ROCHELLE
43;Rue DU PROF ANDRE TOURNADE;17000;LA ROCHELLE
43;Rue DU PROF ANDRE TOURNADE;17000;LA ROCHELLE
7;Rue DU PROF ANDRE TOURNADE;17000;LA ROCHELLE
7;Rue DU PROF ANDRE TOURNADE;17000;LA ROCHELLE
7;Square DES TOURTERELLES;17000;LA ROCHELLE
15;Square DES TOURTERELLES;17000;LA ROCHELLE
34;Rue TRAVERSIERE;17000;LA ROCHELLE
35;Rue TREICH LAPLENE;17000;LA ROCHELLE
30;Rue DES TREMBLES;17000;LA ROCHELLE
25;Rue TREUIL DES NOYERS;17000;LA ROCHELLE
25;Rue TREUIL DES NOYERS;17000;LA ROCHELLE
1;Rue DE LA TRINQUETTE;17000;LA ROCHELLE
18;Rue TROUSSIER;17000;LA ROCHELLE
3;Rue FRANCOIS TRUFFAUT;17000;LA ROCHELLE
1;Rue FRANCOIS TRUFFAUT;17000;LA ROCHELLE
1;Rue FRANCOIS TRUFFAUT;17000;LA ROCHELLE
22;Rue DE TUNIS;17000;LA ROCHELLE
22;Rue DE TUNIS;17000;LA ROCHELLE
37;Rue DE TUNIS;17000;LA ROCHELLE
9;Quai VALIN;17000;LA ROCHELLE
3;Quai VALIN;17000;LA ROCHELLE
43;Quai VALIN;17000;LA ROCHELLE
18;Rue DE VAUGOUIN;17000;LA ROCHELLE
25;Rue DE VAUTREUIL;17000;LA ROCHELLE
44;Rue DE VAUTREUIL;17000;LA ROCHELLE
60;Rue DU VELODROME;17000;LA ROCHELLE
69;Rue DU VELODROME;17000;LA ROCHELLE
69;Rue DU VELODROME;17000;LA ROCHELLE
21 BIS;Rue VERDIERE;17000;LA ROCHELLE
1;Rue VERDIERE;17000;LA ROCHELLE
22;Rue VERDIERE;17000;LA ROCHELLE
28;Place DE VERDUN;17000;LA ROCHELLE
7;Rue DE LA VENDEE;17000;LA ROCHELLE
11;Rue DE LA VENDEE;17000;LA ROCHELLE
11;Rue DE LA VENDEE;17000;LA ROCHELLE
5;Rue DE LA VENDEE;17000;LA ROCHELLE
7;Rue DE LA VENDEE;17000;LA ROCHELLE
11;Rue DE LA VENDEE;17000;LA ROCHELLE
35;Rue JOSEPH VERNET;17000;LA ROCHELLE
12;Rue JOSEPH VERNET;17000;LA ROCHELLE
35;Rue JOSEPH VERNET;17000;LA ROCHELLE
1;Rue JOSEPH VERNET;17000;LA ROCHELLE
2;Rue DE LA VERRERIE;17000;LA ROCHELLE
12;Rue DE LA VERRERIE;17000;LA ROCHELLE
10;Rue Paul-Emile VICTOR;17000;LA ROCHELLE
7;Rue Paul-Emile VICTOR;17000;LA ROCHELLE
11;Rue Paul-Emile VICTOR;17000;LA ROCHELLE
12;Rue VICTOR CONSIDERANT;17000;LA ROCHELLE
22;Rue VICTOR HUGO;17000;LA ROCHELLE
11;Rue VICTOR HUGO;17000;LA ROCHELLE
6;Rue VICTOR LOUIS;17000;LA ROCHELLE
43;Avenue VICTOR SCHOELCHER;17000;LA ROCHELLE
43;Avenue VICTOR SCHOELCHER;17000;LA ROCHELLE
41;Avenue VICTOR SCHOELCHER;17000;LA ROCHELLE
41;Avenue VICTOR SCHOELCHER;17000;LA ROCHELLE
43;Avenue VICTOR SCHOELCHER;17000;LA ROCHELLE
6;Rue Des Vignes;17000;LA ROCHELLE
12;Rue VILLENEUVE;17000;LA ROCHELLE
6;Rue de Villy de LA FERTE;17000;LA ROCHELLE
10;Rue de Villy de LA FERTE;17000;LA ROCHELLE
27;Rue VINCENT SCOTTO;17000;LA ROCHELLE
10;Rue DES VIOLETTES;17000;LA ROCHELLE
1;Allée DU VIVARAIS;17000;LA ROCHELLE
3;Allée DU VIVARAIS;17000;LA ROCHELLE
5;Allée DU VIVARAIS;17000;LA ROCHELLE
3;Allée DU VIVARAIS;17000;LA ROCHELLE
70;Rue DES VOILIERS;17000;LA ROCHELLE
70;Rue DES VOILIERS;17000;LA ROCHELLE
9;Rue DES VOILIERS;17000;LA ROCHELLE
72;Rue DES VOILIERS;17000;LA ROCHELLE
56;Rue DES VOILIERS;17000;LA ROCHELLE
70;Rue DES VOILIERS;17000;LA ROCHELLE
70;Rue DES VOILIERS;17000;LA ROCHELLE
7;Rue DES VOILIERS;17000;LA ROCHELLE
70;Rue DES VOILIERS;17000;LA ROCHELLE
48;Rue DES VOILIERS;17000;LA ROCHELLE
19 BIS;Rue VOLTAIRE;17000;LA ROCHELLE
19 BIS;Rue VOLTAIRE;17000;LA ROCHELLE
32;Rue VOLTAIRE;17000;LA ROCHELLE
58;Boulevard WINSTON CHURCHILL;17000;LA ROCHELLE
6;Rue ABBE YVES COHADES;17000;LA ROCHELLE
25;Rue BRETIGNIERE;17000;LA ROCHELLE
3;rue des CHARDONS;17000;LA ROCHELLE
31;RICHARD COEUR DE LION;17000;LA ROCHELLE
18;rue eugene DECOURT;17000;LA ROCHELLE
24;Rue Robert DESNOS;17000;LA ROCHELLE
24;Rue Robert DESNOS;17000;LA ROCHELLE
2;RUE GEORGES DUPOUV;17000;LA ROCHELLE
8;rue de l'esvescot;17000;LA ROCHELLE
55;rue du berry;17000;LA ROCHELLE
3;RUE DE LA FREGATE;17000;LA ROCHELLE
5;rue Charles LEBRUN;17000;LA ROCHELLE
9;rue georges MORVAN;17000;LA ROCHELLE
2;AVENUE EMILE NORMANDIN;17000;LA ROCHELLE
;RUE DE L'ORLEANNAIS;17000;LA ROCHELLE
;1 AVE DU GENERAL;17000;LA ROCHELLE
;1 BIS AVENUE LOUIS GUILLET;17000;LA ROCHELLE
;1 PERSPECTIVE DE L'OCEAN;17000;LA ROCHELLE
;1 RUE E BRANLY;17000;LA ROCHELLE
;1 RUE OLYMPE DE GOUGES;17000;LA ROCHELLE
;1 RUE SIMONE DE BEAUVOIR;17000;LA ROCHELLE
;10 RUE A BAUDIN;17000;LA ROCHELLE
;10 RUE BELLE DE MAI;17000;LA ROCHELLE
;10 RUE BELLE DE MAI;17000;LA ROCHELLE
;10 RUE D'ARRAS;17000;LA ROCHELLE
;10 RUE DE LA GUIGNETTE;17000;LA ROCHELLE
;10 RUE J BOUCHE;17000;LA ROCHELLE
;10 RUE JEHAN MERICHON;17000;LA ROCHELLE
;10 SQUARE DU BERRY;17000;LA ROCHELLE
;10BIS AV R POINCARE;17000;LA ROCHELLE
;11 AV DE PRAGUE;17000;LA ROCHELLE
;11 AV DU LAZARET;17000;LA ROCHELLE
;11 rue CHANTEMERLE;17000;LA ROCHELLE
;11 RUE GEORGES MORVAN;17000;LA ROCHELLE
;11 RUE GEORGES MORVAN;17000;LA ROCHELLE
;11 RUE GEORGES MORVAN APPT 38;17000;LA ROCHELLE
;114 AV DE ROMPSAY;17000;LA ROCHELLE
;12 COURS LADAUGE;17000;LA ROCHELLE
;12 PLACE FOCH;17000;LA ROCHELLE
;12 RUE CHARLES GOUNOD;17000;LA ROCHELLE
;12 RUE DE BEL AIR;17000;LA ROCHELLE
;12 RUE DU PT ALLENDE;17000;LA ROCHELLE
;12 RUE GIRAUDOUX;17000;LA ROCHELLE
;12 RUE J CHARLES;17000;LA ROCHELLE
;12 RUE MONTYON;17000;LA ROCHELLE
;12 RUE SIEGFRIED;17000;LA ROCHELLE
;13 AVE DU 14 JUILLET;17000;LA ROCHELLE
;13 AVENUE ROBESPIERRE;17000;LA ROCHELLE
;13 B RUE JACQUES PREVERT;17000;LA ROCHELLE
;13 RUE D'AMBOISE;17000;LA ROCHELLE
;13 RUE DE LA SOMME;17000;LA ROCHELLE
;13 rue du bois Noir la Sauzaie;17000;LA ROCHELLE
;13BIS RUE E RACAUD;17000;LA ROCHELLE
;13BIS RUE E RACAUD;17000;LA ROCHELLE
;14 AV DE MOSCOU;17000;LA ROCHELLE
;14 AV DU LUXEMBOURG;17000;LA ROCHELLE
;14 AVE DE MOSCOU;17000;LA ROCHELLE
;14 BIS RUE VAUBAN;17000;LA ROCHELLE
;14 RUE AMELOT;17000;LA ROCHELLE
;14 RUE DU SERGENT STOCKLEIN;88100;ST DIE DES VOSGES
;14 RUE DUBOIS MEYNARDIE;17000;LA ROCHELLE
;148 BD DENFERT ROCHEREAU;17000;LA ROCHELLE
;15 AV BILLAUD VARENNE;17000;LA ROCHELLE
;15 RUE DE LA CLOCHE;17000;LA ROCHELLE
;15 RUE DE REVIN;17000;LA ROCHELLE
;15 RUE DES TROUVERES;17000;LA ROCHELLE
;15 RUE FLEURIAU;17000;LA ROCHELLE
;15 RUE L PINCHON;17000;LA ROCHELLE
;16 RUE DU CHEMIN VERT;17000;LA ROCHELLE
;16 RUE JACQUES PREVERT;17000;LA ROCHELLE
;16 RUE RENE CASSIN;17000;LA ROCHELLE
;17 RUE DEBUSSY;17000;LA ROCHELLE
;171 AV DT ROCHEREAU;17000;LA ROCHELLE
;18 AV D'OSLO;17000;LA ROCHELLE
;18 RUE BERLIOZ;17000;LA ROCHELLE
;18 RUE DES GONTHIERES;17000;LA ROCHELLE
;18 RUE F PYAT;17000;LA ROCHELLE
;18 RUE F PYAT;17000;LA ROCHELLE
;18 RUE PAUL EMILE VICTOR;17000;LA ROCHELLE
;19 ALLEES DE BRUXELLES;17000;LA ROCHELLE
;19 RUE J P BLANCHARD;17000;LA ROCHELLE
;19 RUE M PAGNOL;17000;LA ROCHELLE
;2 RUE CAMILLE DESMOULINS;17000;LA ROCHELLE
;2 RUE DU LYONNAIS;17000;LA ROCHELLE
;2 RUE GEORGES MORVAN;17000;LA ROCHELLE
;2 RUE ORADOUR SUR GLANE;17000;LA ROCHELLE
;2,RUE LE LORRAIN;17000;LA ROCHELLE
;20 RUE SIEGFRIED;17000;LA ROCHELLE
;21 RUE DU CHEMIN VERT;17000;LA ROCHELLE
;22 AVE DU CIMETIERE;17000;LA ROCHELLE
;22 RUE BASSE DE ST ELOI;17000;LA ROCHELLE
;22 RUE CLEMENT ADER;17000;LA ROCHELLE
;22 RUE THOROIGNE DE MERICOURT;17000;LA ROCHELLE
;22 RUE VINCENT SCOTTO;17000;LA ROCHELLE
;22/24 RUE DU DR DALMON;17000;LA ROCHELLE
;23 RUE DE LA MUSE;17000;LA ROCHELLE
;23 RUE DES ARDENNES;17000;LA ROCHELLE
;23 RUE DES TREMBLES;17000;LA ROCHELLE
;232 RUE DE PERIGNY;17000;LA ROCHELLE
;235 AV DU CIMETIERE;17000;LA ROCHELLE
;237 AV CARNOT;17000;LA ROCHELLE
;237 AV CARNOT;17000;LA ROCHELLE
;237 AV CARNOT;17000;LA ROCHELLE
;237 AVENUE CARNOT;17000;LA ROCHELLE
;24 IMPASSE DES CERISIERS;17000;LA ROCHELLE
;24 RUE DE SUFRENNE;17000;LA ROCHELLE
;24 RUE F DELMAS;17000;LA ROCHELLE
;24 RUE LEO LAGRANGE;17000;LA ROCHELLE
;24 RUE TROUSSIER;17000;LA ROCHELLE
;26 RUE F DOLTO;17000;LA ROCHELLE
;27 AVENUE BILLAUD VARENNE;17000;LA ROCHELLE
;27 RUE A KASTLER;17000;LA ROCHELLE
;27 RUE CLEMENT ADER;17000;LA ROCHELLE
;27 RUE G. FLOURENS;17000;LA ROCHELLE
;270 AVENUE DENFERT ROCHEREAU;17000;LA ROCHELLE
;279 BIS AV CARNOT;17000;LA ROCHELLE
;28 AV DE MOSCOU;17000;LA ROCHELLE
;3 AVENUE BILLAUD VARENNE;17000;LA ROCHELLE
;3 RUE A BRONGNIART;17000;LA ROCHELLE
;3 RUE ALCIDE D'ORBIGNY;17000;LA ROCHELLE
;3 RUE DU CDT CALLOT;17000;LA ROCHELLE
;3 RUE DU PETIT THOUARS;17000;LA ROCHELLE
;3 RUE DU PRADO;17000;LA ROCHELLE
;3 RUE DU RHONE;17000;LA ROCHELLE
;3 RUE GEORGES TANQUEREY;17000;LA ROCHELLE
;3 RUE JOACHIM DU BELLEY;17000;LA ROCHELLE
;3 RUE ROBERT DESNOS;17000;LA ROCHELLE
;3 SQUARE DE GASCOGNE;17000;LA ROCHELLE
;30 RUE DE LA DIGUE;17000;LA ROCHELLE
;30 RUE L LAGRANGE;17000;LA ROCHELLE
;31 ALLEE DE BRUXELLES;17000;LA ROCHELLE
;31 AV ROBESPIERRE;17000;LA ROCHELLE
;31 RUE A, THEROIGNE DE MERICOURT;17000;LA ROCHELLE
;31 RUE DES HALLES;17000;LA ROCHELLE
;31 RUE DU MARAIS;17000;LA ROCHELLE
;310 AV R POINCARE;17000;LA ROCHELLE
;32 BIS RUE REAUMUR;17000;LA ROCHELLE
;32 RUE DE L'ANGOUMOIS;17000;LA ROCHELLE
;32 RUE E LABICHE;17000;LA ROCHELLE
;33 RUE EMILE COUNEAU C 323;17000;LA ROCHELLE
;33 RUE EMILE COUNEAU C 323;17000;LA ROCHELLE
;33 RUE NOTRE DAME;17000;LA ROCHELLE
;33, RUE SAVARY;17000;LA ROCHELLE
;34 BIS RUE DE LA MUSE;17000;LA ROCHELLE
;34 RUE DES SPORTS;17000;LA ROCHELLE
;35 AV BILLAUD VARENNE;17000;LA ROCHELLE
;35 RUE ANNE-JOSEPHE THEROIGNE;17000;LA ROCHELLE
;35 RUE DE BEL AIR;17000;LA ROCHELLE
;35 RUE THEROIGNE DE MERICOURT;17000;LA ROCHELLE
;36 RUE L MAILHO;17000;LA ROCHELLE
;37 RUE LEON BLUM;17000;LA ROCHELLE
;38 RUE DES HALLES;17000;LA ROCHELLE
;38 RUE MONTMIRAIL;17000;LA ROCHELLE
;4 AVE DE LA PORTE;17000;LA ROCHELLE
;4 BIS RUE DOCTEUR DECOTTE;17000;LA ROCHELLE
;4 COURS DAME HILAIRE;17000;LA ROCHELLE
;4 RUE A BAUDIN;17000;LA ROCHELLE
;4 RUE DE MISSY;17000;LA ROCHELLE
;4 RUE DELY;17000;LA ROCHELLE
;4 RUE E COUNEAU;17000;LA ROCHELLE
;4 RUE F BOUCHER;17000;LA ROCHELLE
;4 RUE GEORGES MORVAN;17000;LA ROCHELLE
;4 RUE LACLOS;17000;LA ROCHELLE
;4 RUE LEON JOUHAUX;17000;LA ROCHELLE
;4 RUE LEONIE BATHIAT DIT ARLETTY;17000;LA ROCHELLE
;4 RUE LEONIE BATHIAT DIT ARLETTY;17000;LA ROCHELLE
;4 RUE LEONiIE BATHIAT DIT ARLETTY;17000;LA ROCHELLE
;40 BIS RUE GUYNEMER;17000;LA ROCHELLE
;40 RUE NORMANDIN;17000;LA ROCHELLE
;40 RUE ROBERT DESNOS;17000;LA ROCHELLE
;41 B AVENUE DU PT KENNEDY;91300;MASSY
;43 RUE F DELMAS;17000;LA ROCHELLE
;46 RUE TH BABUT;17000;LA ROCHELLE
;47 AV DANTON;17000;LA ROCHELLE
;47 RUE PROUDHON;17000;LA ROCHELLE
;48 RUE DU LIGNON;17000;LA ROCHELLE
;48 RUE DU LIGNON;17000;LA ROCHELLE
;4BIS RUE DE JERICHO;17000;LA ROCHELLE
;5 AV DE PRAGUE;17000;LA ROCHELLE
;5 BIS COURS L GUILLET;17000;LA ROCHELLE
;5 RUE BLAISE CENDRAS;17000;LA ROCHELLE
;5 RUE BRETIGNIERE;17000;LA ROCHELLE
;5 RUE DE LA MARECHALE;17000;LA ROCHELLE
;5 RUE DU FIEF DES ARDENNES;17000;LA ROCHELLE
;5 RUE E BRANLY;17000;LA ROCHELLE
;5 RUE G MUSSET;17000;LA ROCHELLE
;5 RUE J INDEKEU;17000;LA ROCHELLE
;5 RUE MIRABEAU;17000;LA ROCHELLE
;5 RUE ORADOUR SUR GLANE;17000;LA ROCHELLE
;5 SQUARE DE LA SOLIDARITE;17000;LA ROCHELLE
;5 SQUARE DU HAVRE;17000;LA ROCHELLE
;50 RUE ROBERT DESNOS;17000;LA ROCHELLE
;50 RUE ROBERT DESNOS;17000;LA ROCHELLE
;53 BIS RUE DES FRERES;17000;LA ROCHELLE
;54 RUE DENIS PAPIN;17000;LA ROCHELLE
;55 RUE DE LA TROMPETTE;17000;LA ROCHELLE
;58 RUE REMPART ST CLAUDE;17000;LA ROCHELLE
;58 RUE REMPART ST CLAUDE;17000;LA ROCHELLE
;6 QUAI DE MARANS;17000;LA ROCHELLE
;6 RUE DE ROUGEMONT;17000;LA ROCHELLE
;6 RUE DES EGLANTIERS;17000;LA ROCHELLE
;6 RUE DU NIGER;17000;LA ROCHELLE
;6 RUE GEORGES EMONIN;17000;LA ROCHELLE
;6 RUE GEORGES EMONIN;17000;LA ROCHELLE
;6 RUE ORADOUR SUR GLANE;17000;LA ROCHELLE
;6 RUE RENE MICHAUD;17000;LA ROCHELLE
;6 RUE RUBENS;17000;LA ROCHELLE
;6 RUE THEROIGNE DE MERICOURT;17000;LA ROCHELLE
;60 RUE DE LA PEPINIERE;17000;LA ROCHELLE
;63 TER AVENUE EDMOND GRASSET;17000;LA ROCHELLE
;66 RUE DES MATHIAS;17000;LA ROCHELLE
;67 RUE DES FRENES;17000;LA ROCHELLE
;7 ALLEE DE BRUXELLES;17000;LA ROCHELLE
;7 AVENUE DES AMERIQUES;17000;LA ROCHELLE
;7 IMP.DE L'HERMITAGE;17000;LA ROCHELLE
;7 RUE DU DUC;17000;LA ROCHELLE
;7 RUE G MORVAN;17000;LA ROCHELLE
;7 RUE GERMINAL;17000;LA ROCHELLE
;7 RUE MONTAIGNE;17000;LA ROCHELLE
;7 RUE STENDHAL;17000;LA ROCHELLE
;70 RUE DES GONTHIERES;17000;LA ROCHELLE
;72 AV DU LT CL BERNIER;17000;LA ROCHELLE
;73 RUE BRAILLE;17000;LA ROCHELLE
;74 AVENUE DES CORDELIERS;17000;LA ROCHELLE
;74 AVENUE DES CORDELIERS;17000;LA ROCHELLE
;78 RUE JEAN GODEFROY;17000;LA ROCHELLE
;78 RUE JEAN GODEFROY;17000;LA ROCHELLE
;8 RUE C DESMOULINS;17000;LA ROCHELLE
;8 RUE DE LORIENT;17000;LA ROCHELLE
;8 RUE DES GLAÏEULS;17000;LA ROCHELLE
;8 RUE GEORGES MORVAN;17000;LA ROCHELLE
;8 RUE R DESNOS;17000;LA ROCHELLE
;8 RUE RENE MICHAUD;17000;LA ROCHELLE
;8 RUE RENEE MICHAUD;17000;LA ROCHELLE
;8 RUE ROBERT DESNOS;17000;LA ROCHELLE
;8 RUE ROBERT DESNOS;17000;LA ROCHELLE
;8 RUE S. DE BEAUVOIR APPT 372;17000;LA ROCHELLE
;8 RUE SURCOUF;17000;LA ROCHELLE
;8 RUE THEROIGNE DE MERICOURT;17000;LA ROCHELLE
;8 RUE THEROIGNE DE MERICOURT;17000;LA ROCHELLE
;82 RUE DES MATHIAS;17000;LA ROCHELLE
;82 RUE DES MATHIAS;17000;LA ROCHELLE
;87 AV COLIGNY;17000;LA ROCHELLE
;9 BIS COURS L GUILLET;17000;LA ROCHELLE
;9 RUE CHADEAU DE LA CLOCHETERIE;17000;LA ROCHELLE
;9 RUE DE LA FRANCINE;17000;LA ROCHELLE
;9 RUE DES BRUYERES;17000;LA ROCHELLE
;9 RUE FERRE;17000;LA ROCHELLE
;9 RUE GEORGES MORVAN;17000;LA ROCHELLE
;9 RUE GEORGES MORVAN;17000;LA ROCHELLE
;91 AVE POINCARE;17000;LA ROCHELLE
;ALLEES DE BRUXELLES;17000;LA ROCHELLE
1;RUE CAMILLE DES MOULINS;17000;LA ROCHELLE
;AV D OSLO;17000;LA ROCHELLE
;RUE DU ROUSSILLON;17000;LA ROCHELLE
;DU VIEUX PORT BASSIN CHALUTIERS;17000;LA ROCHELLE
;CAPITAINERIE DES MINIMES;17000;LA ROCHELLE
;CAPITAINERIE DES MINIMES;17000;LA ROCHELLE
;CAPITAINERIE DES MINIMES;17012;LA ROCHELLE CEDEX 1
;CAPITAINERIE DES MINIMES;17012;LA ROCHELLE CEDEX 1
;9 RUE GEORGES MORVAN;17000;LA ROCHELLE
;COURS L GUILLET;17000;LA ROCHELLE
;IMP. DE FETILLY;17000;LA ROCHELLE
;LE BAS PAMPIN;17000;LA ROCHELLE
;LE BAS PAMPIN;17000;LA ROCHELLE
;AVENE JEAN MONNET;17000;LA ROCHELLE
;6 RUE G. MUSSET;17000;LA ROCHELLE
;14 RUE DE MISSY;17000;LA ROCHELLE
;RUE DU LYONNAIS;17000;LA ROCHELLE
;RUE DU LYONNAIS;17000;LA ROCHELLE
;RUE J-P. BLANCHARD;17000;LA ROCHELLE
